emotion,filename,angle
angry,0_0.jpg,half_right
angry,0_25.jpg,half_left
angry,0_29.jpg,frontal
angry,100_22.jpg,half_right
angry,100_24.jpg,frontal
angry,100_29.jpg,half_left
angry,101_19.jpg,frontal
angry,101_3.jpg,half_right
angry,101_32.jpg,half_left
angry,102_17.jpg,half_left
angry,102_20.jpg,frontal
angry,102_34.jpg,half_right
angry,103_16.jpg,half_right
angry,103_23.jpg,half_left
angry,103_32.jpg,frontal
angry,104_11.jpg,frontal
angry,104_17.jpg,half_right
angry,104_7.jpg,half_left
angry,105_18.jpg,frontal
angry,105_26.jpg,half_right
angry,105_8.jpg,half_left
angry,106_22.jpg,half_right
angry,106_25.jpg,frontal
angry,106_28.jpg,half_left
angry,107_20.jpg,frontal
angry,107_28.jpg,half_right
angry,107_32.jpg,half_left
angry,108_19.jpg,half_right
angry,108_24.jpg,frontal
angry,108_25.jpg,half_left
angry,109_21.jpg,frontal
angry,109_4.jpg,half_right
angry,109_5.jpg,half_left
angry,10_0.jpg,half_left
angry,10_20.jpg,frontal
angry,10_23.jpg,half_right
angry,110_11.jpg,half_right
angry,110_16.jpg,frontal
angry,110_22.jpg,half_left
angry,111_11.jpg,half_left
angry,111_28.jpg,half_right
angry,111_29.jpg,frontal
angry,112_14.jpg,frontal
angry,112_2.jpg,half_left
angry,112_24.jpg,half_right
angry,113_1.jpg,half_left
angry,113_11.jpg,half_right
angry,113_21.jpg,frontal
angry,114_15.jpg,frontal
angry,114_34.jpg,half_right
angry,114_9.jpg,half_left
angry,115_15.jpg,half_left
angry,115_21.jpg,frontal
angry,115_31.jpg,half_right
angry,116_17.jpg,half_right
angry,116_18.jpg,half_left
angry,116_29.jpg,frontal
angry,117_29.jpg,frontal
angry,117_30.jpg,half_right
angry,117_9.jpg,half_left
angry,118_21.jpg,half_right
angry,118_23.jpg,half_left
angry,118_29.jpg,frontal
angry,119_10.jpg,half_left
angry,119_13.jpg,frontal
angry,119_2.jpg,half_right
angry,11_22.jpg,half_left
angry,11_25.jpg,frontal
angry,11_4.jpg,half_right
angry,120_1.jpg,frontal
angry,120_16.jpg,half_left
angry,120_3.jpg,half_right
angry,121_19.jpg,half_right
angry,121_23.jpg,frontal
angry,121_30.jpg,half_left
angry,122_0.jpg,half_left
angry,122_18.jpg,frontal
angry,122_25.jpg,half_right
angry,123_10.jpg,half_right
angry,123_16.jpg,half_left
angry,123_18.jpg,frontal
angry,124_10.jpg,half_right
angry,124_32.jpg,frontal
angry,124_8.jpg,half_left
angry,125_0.jpg,half_right
angry,125_2.jpg,half_left
angry,125_5.jpg,frontal
angry,126_1.jpg,half_right
angry,126_3.jpg,half_left
angry,126_7.jpg,frontal
angry,127_16.jpg,half_right
angry,127_22.jpg,half_left
angry,127_32.jpg,frontal
angry,128_31.jpg,frontal
angry,128_4.jpg,half_left
angry,128_8.jpg,half_right
angry,129_11.jpg,frontal
angry,129_16.jpg,half_right
angry,129_8.jpg,half_left
angry,12_19.jpg,half_right
angry,12_3.jpg,frontal
angry,12_9.jpg,half_left
angry,130_20.jpg,half_right
angry,130_33.jpg,frontal
angry,130_8.jpg,half_left
angry,131_12.jpg,half_right
angry,131_17.jpg,frontal
angry,131_3.jpg,half_left
angry,132_16.jpg,half_left
angry,132_22.jpg,frontal
angry,132_26.jpg,half_right
angry,133_1.jpg,frontal
angry,133_3.jpg,half_right
angry,133_34.jpg,half_left
angry,134_11.jpg,half_right
angry,134_33.jpg,half_left
angry,134_7.jpg,frontal
angry,135_20.jpg,frontal
angry,135_31.jpg,half_right
angry,135_4.jpg,half_left
angry,136_17.jpg,frontal
angry,136_26.jpg,half_right
angry,136_4.jpg,half_left
angry,137_19.jpg,half_left
angry,137_29.jpg,half_right
angry,137_34.jpg,frontal
angry,138_12.jpg,half_right
angry,138_23.jpg,frontal
angry,138_30.jpg,half_left
angry,139_21.jpg,half_right
angry,139_26.jpg,half_left
angry,139_31.jpg,frontal
angry,13_13.jpg,half_right
angry,13_25.jpg,half_left
angry,13_26.jpg,frontal
angry,14_10.jpg,half_left
angry,14_14.jpg,frontal
angry,14_15.jpg,half_right
angry,15_14.jpg,half_left
angry,15_18.jpg,half_right
angry,15_25.jpg,frontal
angry,16_15.jpg,half_left
angry,16_3.jpg,half_right
angry,16_31.jpg,frontal
angry,17_16.jpg,half_left
angry,17_2.jpg,half_right
angry,17_8.jpg,frontal
angry,18_0.jpg,frontal
angry,18_11.jpg,half_right
angry,18_20.jpg,half_left
angry,19_13.jpg,half_left
angry,19_15.jpg,half_right
angry,19_32.jpg,frontal
angry,1_16.jpg,frontal
angry,1_20.jpg,half_left
angry,1_4.jpg,half_right
angry,20_24.jpg,half_left
angry,20_4.jpg,frontal
angry,20_8.jpg,half_right
angry,21_14.jpg,half_left
angry,21_19.jpg,half_right
angry,21_21.jpg,frontal
angry,22_22.jpg,frontal
angry,22_26.jpg,half_left
angry,22_29.jpg,half_right
angry,23_19.jpg,half_left
angry,23_2.jpg,frontal
angry,23_21.jpg,half_right
angry,24_14.jpg,half_right
angry,24_15.jpg,half_left
angry,24_34.jpg,frontal
angry,25_3.jpg,half_right
angry,25_33.jpg,half_left
angry,25_6.jpg,frontal
angry,26_14.jpg,frontal
angry,26_17.jpg,half_left
angry,26_31.jpg,half_right
angry,27_32.jpg,half_right
angry,27_33.jpg,frontal
angry,27_6.jpg,half_left
angry,28_13.jpg,frontal
angry,28_29.jpg,half_left
angry,28_9.jpg,half_right
angry,29_21.jpg,frontal
angry,29_28.jpg,half_left
angry,29_33.jpg,half_right
angry,2_10.jpg,half_right
angry,2_11.jpg,frontal
angry,2_23.jpg,half_left
angry,30_11.jpg,half_right
angry,30_22.jpg,half_left
angry,30_25.jpg,frontal
angry,31_1.jpg,half_right
angry,31_3.jpg,half_left
angry,31_4.jpg,frontal
angry,32_0.jpg,half_left
angry,32_29.jpg,frontal
angry,32_6.jpg,half_right
angry,33_13.jpg,half_right
angry,33_2.jpg,half_left
angry,33_21.jpg,frontal
angry,34_13.jpg,frontal
angry,34_23.jpg,half_right
angry,34_33.jpg,half_left
angry,35_19.jpg,half_right
angry,35_25.jpg,half_left
angry,35_6.jpg,frontal
angry,36_0.jpg,frontal
angry,36_3.jpg,half_left
angry,36_33.jpg,half_right
angry,37_11.jpg,half_left
angry,37_24.jpg,frontal
angry,37_4.jpg,half_right
angry,38_2.jpg,half_left
angry,38_6.jpg,half_right
angry,38_7.jpg,frontal
angry,39_14.jpg,frontal
angry,39_16.jpg,half_right
angry,39_23.jpg,half_left
angry,3_14.jpg,half_left
angry,3_16.jpg,frontal
angry,3_29.jpg,half_right
angry,40_18.jpg,half_right
angry,40_27.jpg,half_left
angry,40_9.jpg,frontal
angry,41_12.jpg,half_left
angry,41_21.jpg,frontal
angry,41_27.jpg,half_right
angry,42_18.jpg,frontal
angry,42_29.jpg,half_right
angry,42_6.jpg,half_left
angry,43_24.jpg,half_left
angry,43_26.jpg,half_right
angry,43_4.jpg,frontal
angry,44_11.jpg,half_right
angry,44_15.jpg,half_left
angry,44_23.jpg,frontal
angry,45_0.jpg,frontal
angry,45_20.jpg,half_left
angry,45_9.jpg,half_right
angry,46_0.jpg,half_right
angry,46_20.jpg,half_left
angry,46_29.jpg,frontal
angry,47_21.jpg,half_right
angry,47_23.jpg,half_left
angry,47_29.jpg,frontal
angry,48_15.jpg,frontal
angry,48_19.jpg,half_right
angry,48_27.jpg,half_left
angry,49_1.jpg,frontal
angry,49_8.jpg,half_left
angry,49_9.jpg,half_right
angry,4_0.jpg,half_right
angry,4_10.jpg,half_left
angry,4_12.jpg,frontal
angry,50_15.jpg,half_left
angry,50_21.jpg,half_right
angry,50_9.jpg,frontal
angry,51_15.jpg,half_right
angry,51_32.jpg,frontal
angry,51_6.jpg,half_left
angry,52_21.jpg,half_left
angry,52_22.jpg,frontal
angry,52_30.jpg,half_right
angry,53_13.jpg,half_left
angry,53_15.jpg,frontal
angry,53_18.jpg,half_right
angry,54_18.jpg,half_right
angry,54_2.jpg,frontal
angry,54_9.jpg,half_left
angry,55_21.jpg,half_right
angry,55_32.jpg,frontal
angry,55_4.jpg,half_left
angry,56_14.jpg,frontal
angry,56_24.jpg,half_right
angry,56_4.jpg,half_left
angry,57_2.jpg,half_right
angry,57_32.jpg,frontal
angry,57_34.jpg,half_left
angry,58_14.jpg,frontal
angry,58_19.jpg,half_right
angry,58_4.jpg,half_left
angry,59_10.jpg,half_left
angry,59_30.jpg,half_right
angry,59_9.jpg,frontal
angry,5_20.jpg,half_left
angry,5_26.jpg,half_right
angry,5_7.jpg,frontal
angry,60_10.jpg,frontal
angry,60_13.jpg,half_left
angry,60_15.jpg,half_right
angry,61_16.jpg,half_left
angry,61_31.jpg,half_right
angry,61_4.jpg,frontal
angry,62_17.jpg,frontal
angry,62_19.jpg,half_right
angry,62_21.jpg,half_left
angry,63_1.jpg,half_right
angry,63_15.jpg,frontal
angry,63_5.jpg,half_left
angry,64_1.jpg,half_right
angry,64_20.jpg,half_left
angry,64_21.jpg,frontal
angry,65_13.jpg,half_left
angry,65_23.jpg,half_right
angry,65_31.jpg,frontal
angry,66_21.jpg,half_left
angry,66_25.jpg,half_right
angry,66_6.jpg,frontal
angry,67_20.jpg,half_left
angry,67_21.jpg,half_right
angry,67_9.jpg,frontal
angry,68_16.jpg,frontal
angry,68_25.jpg,half_left
angry,68_8.jpg,half_right
angry,69_0.jpg,half_right
angry,69_28.jpg,frontal
angry,69_4.jpg,half_left
angry,6_11.jpg,half_left
angry,6_24.jpg,half_right
angry,6_26.jpg,frontal
angry,70_11.jpg,half_left
angry,70_24.jpg,half_right
angry,70_26.jpg,frontal
angry,71_22.jpg,frontal
angry,71_4.jpg,half_left
angry,71_7.jpg,half_right
angry,72_13.jpg,half_right
angry,72_18.jpg,half_left
angry,72_5.jpg,frontal
angry,73_11.jpg,half_right
angry,73_27.jpg,half_left
angry,73_8.jpg,frontal
angry,74_10.jpg,frontal
angry,74_14.jpg,half_right
angry,74_30.jpg,half_left
angry,75_17.jpg,frontal
angry,75_29.jpg,half_left
angry,75_32.jpg,half_right
angry,76_11.jpg,half_right
angry,76_19.jpg,frontal
angry,76_26.jpg,half_left
angry,77_0.jpg,frontal
angry,77_15.jpg,half_right
angry,77_31.jpg,half_left
angry,78_24.jpg,half_left
angry,78_29.jpg,half_right
angry,78_31.jpg,frontal
angry,79_1.jpg,frontal
angry,79_12.jpg,half_right
angry,79_31.jpg,half_left
angry,7_11.jpg,frontal
angry,7_23.jpg,half_left
angry,7_5.jpg,half_right
angry,80_1.jpg,half_left
angry,80_18.jpg,half_right
angry,80_19.jpg,frontal
angry,81_13.jpg,half_right
angry,81_2.jpg,frontal
angry,81_26.jpg,half_left
angry,82_13.jpg,frontal
angry,82_22.jpg,half_left
angry,82_32.jpg,half_right
angry,83_20.jpg,half_right
angry,83_30.jpg,frontal
angry,83_5.jpg,half_left
angry,84_11.jpg,frontal
angry,84_23.jpg,half_right
angry,84_32.jpg,half_left
angry,85_10.jpg,frontal
angry,85_32.jpg,half_left
angry,85_8.jpg,half_right
angry,86_12.jpg,frontal
angry,86_19.jpg,half_left
angry,86_28.jpg,half_right
angry,87_11.jpg,half_right
angry,87_2.jpg,frontal
angry,87_30.jpg,half_left
angry,88_0.jpg,frontal
angry,88_10.jpg,half_right
angry,88_3.jpg,half_left
angry,89_14.jpg,half_left
angry,89_2.jpg,frontal
angry,89_24.jpg,half_right
angry,8_22.jpg,half_left
angry,8_27.jpg,half_right
angry,8_4.jpg,frontal
angry,90_17.jpg,frontal
angry,90_23.jpg,half_left
angry,90_33.jpg,half_right
angry,91_27.jpg,frontal
angry,91_4.jpg,half_right
angry,91_5.jpg,half_left
angry,92_18.jpg,half_left
angry,92_20.jpg,frontal
angry,92_21.jpg,half_right
angry,93_0.jpg,half_right
angry,93_14.jpg,half_left
angry,93_23.jpg,frontal
angry,94_14.jpg,frontal
angry,94_15.jpg,half_right
angry,94_25.jpg,half_left
angry,95_11.jpg,half_left
angry,95_15.jpg,frontal
angry,95_27.jpg,half_right
angry,96_22.jpg,half_left
angry,96_25.jpg,frontal
angry,96_8.jpg,half_right
angry,97_20.jpg,half_right
angry,97_27.jpg,half_left
angry,97_32.jpg,frontal
angry,98_1.jpg,half_right
angry,98_6.jpg,half_left
angry,98_7.jpg,frontal
angry,99_15.jpg,half_left
angry,99_24.jpg,frontal
angry,99_26.jpg,half_right
angry,9_19.jpg,half_left
angry,9_25.jpg,frontal
angry,9_9.jpg,half_right
disgust,0_12.jpg,frontal
disgust,0_23.jpg,half_left
disgust,0_6.jpg,half_right
disgust,100_18.jpg,frontal
disgust,100_34.jpg,half_right
disgust,100_7.jpg,half_left
disgust,101_21.jpg,half_left
disgust,101_22.jpg,half_right
disgust,101_8.jpg,frontal
disgust,102_10.jpg,half_right
disgust,102_16.jpg,half_left
disgust,102_25.jpg,frontal
disgust,103_15.jpg,frontal
disgust,103_7.jpg,half_left
disgust,103_9.jpg,half_right
disgust,104_10.jpg,frontal
disgust,104_19.jpg,half_left
disgust,104_27.jpg,half_right
disgust,105_24.jpg,half_right
disgust,105_30.jpg,frontal
disgust,105_4.jpg,half_left
disgust,106_12.jpg,half_right
disgust,106_24.jpg,frontal
disgust,106_34.jpg,half_left
disgust,107_14.jpg,frontal
disgust,107_17.jpg,half_left
disgust,107_6.jpg,half_right
disgust,108_10.jpg,half_left
disgust,108_2.jpg,half_right
disgust,108_23.jpg,frontal
disgust,109_14.jpg,half_left
disgust,109_30.jpg,half_right
disgust,109_32.jpg,frontal
disgust,10_12.jpg,frontal
disgust,10_28.jpg,half_left
disgust,10_8.jpg,half_right
disgust,110_2.jpg,frontal
disgust,110_23.jpg,half_left
disgust,110_25.jpg,half_right
disgust,111_13.jpg,half_left
disgust,111_14.jpg,half_right
disgust,111_4.jpg,frontal
disgust,112_12.jpg,half_right
disgust,112_31.jpg,half_left
disgust,112_6.jpg,frontal
disgust,113_17.jpg,frontal
disgust,113_22.jpg,half_left
disgust,113_31.jpg,half_right
disgust,114_0.jpg,half_right
disgust,114_2.jpg,half_left
disgust,114_23.jpg,frontal
disgust,115_18.jpg,half_right
disgust,115_24.jpg,frontal
disgust,115_29.jpg,half_left
disgust,116_23.jpg,frontal
disgust,116_32.jpg,half_left
disgust,116_33.jpg,half_right
disgust,117_18.jpg,half_left
disgust,117_21.jpg,frontal
disgust,117_7.jpg,half_right
disgust,118_11.jpg,half_left
disgust,118_15.jpg,half_right
disgust,118_20.jpg,frontal
disgust,119_11.jpg,half_left
disgust,119_21.jpg,frontal
disgust,119_28.jpg,half_right
disgust,11_12.jpg,half_right
disgust,11_29.jpg,frontal
disgust,11_31.jpg,half_left
disgust,120_18.jpg,frontal
disgust,120_20.jpg,half_right
disgust,120_4.jpg,half_left
disgust,121_0.jpg,half_right
disgust,121_24.jpg,frontal
disgust,121_8.jpg,half_left
disgust,122_1.jpg,half_right
disgust,122_14.jpg,half_left
disgust,122_4.jpg,frontal
disgust,123_12.jpg,half_right
disgust,123_19.jpg,half_left
disgust,123_33.jpg,frontal
disgust,124_19.jpg,frontal
disgust,124_7.jpg,half_left
disgust,124_9.jpg,half_right
disgust,125_1.jpg,half_right
disgust,125_22.jpg,frontal
disgust,125_26.jpg,half_left
disgust,126_23.jpg,half_right
disgust,126_24.jpg,half_left
disgust,126_4.jpg,frontal
disgust,127_12.jpg,frontal
disgust,127_25.jpg,half_right
disgust,127_29.jpg,half_left
disgust,128_2.jpg,half_right
disgust,128_22.jpg,half_left
disgust,128_26.jpg,frontal
disgust,129_2.jpg,half_right
disgust,129_25.jpg,half_left
disgust,129_4.jpg,frontal
disgust,12_28.jpg,half_left
disgust,12_33.jpg,frontal
disgust,12_5.jpg,half_right
disgust,130_1.jpg,half_left
disgust,130_25.jpg,half_right
disgust,130_32.jpg,frontal
disgust,131_22.jpg,half_left
disgust,131_31.jpg,half_right
disgust,131_7.jpg,frontal
disgust,132_18.jpg,frontal
disgust,132_20.jpg,half_right
disgust,132_31.jpg,half_left
disgust,133_22.jpg,frontal
disgust,133_28.jpg,half_right
disgust,133_5.jpg,half_left
disgust,134_15.jpg,half_left
disgust,134_34.jpg,half_right
disgust,134_4.jpg,frontal
disgust,135_18.jpg,half_left
disgust,135_22.jpg,frontal
disgust,135_27.jpg,half_right
disgust,136_13.jpg,frontal
disgust,136_18.jpg,half_right
disgust,136_20.jpg,half_left
disgust,137_10.jpg,half_right
disgust,137_20.jpg,frontal
disgust,137_7.jpg,half_left
disgust,138_0.jpg,half_right
disgust,138_24.jpg,frontal
disgust,138_5.jpg,half_left
disgust,139_12.jpg,frontal
disgust,139_19.jpg,half_left
disgust,139_23.jpg,half_right
disgust,13_18.jpg,frontal
disgust,13_20.jpg,half_left
disgust,13_3.jpg,half_right
disgust,14_18.jpg,half_right
disgust,14_27.jpg,frontal
disgust,14_28.jpg,half_left
disgust,15_32.jpg,half_left
disgust,15_34.jpg,half_right
disgust,15_7.jpg,frontal
disgust,16_10.jpg,frontal
disgust,16_21.jpg,half_right
disgust,16_32.jpg,half_left
disgust,17_14.jpg,frontal
disgust,17_18.jpg,half_left
disgust,17_28.jpg,half_right
disgust,18_12.jpg,half_right
disgust,18_21.jpg,half_left
disgust,18_27.jpg,frontal
disgust,19_21.jpg,half_left
disgust,19_26.jpg,half_right
disgust,19_33.jpg,frontal
disgust,1_13.jpg,half_right
disgust,1_15.jpg,half_left
disgust,1_27.jpg,frontal
disgust,20_0.jpg,half_left
disgust,20_1.jpg,half_right
disgust,20_7.jpg,frontal
disgust,21_11.jpg,half_right
disgust,21_18.jpg,frontal
disgust,21_31.jpg,half_left
disgust,22_3.jpg,half_left
disgust,22_34.jpg,frontal
disgust,22_7.jpg,half_right
disgust,23_16.jpg,half_right
disgust,23_22.jpg,frontal
disgust,23_26.jpg,half_left
disgust,24_10.jpg,half_left
disgust,24_21.jpg,half_right
disgust,24_29.jpg,frontal
disgust,25_1.jpg,frontal
disgust,25_10.jpg,half_left
disgust,25_24.jpg,half_right
disgust,26_19.jpg,frontal
disgust,26_28.jpg,half_right
disgust,26_32.jpg,half_left
disgust,27_13.jpg,frontal
disgust,27_3.jpg,half_right
disgust,27_30.jpg,half_left
disgust,28_18.jpg,half_right
disgust,28_27.jpg,half_left
disgust,28_28.jpg,frontal
disgust,29_0.jpg,half_right
disgust,29_11.jpg,frontal
disgust,29_16.jpg,half_left
disgust,2_0.jpg,half_left
disgust,2_6.jpg,frontal
disgust,2_7.jpg,half_right
disgust,30_10.jpg,half_left
disgust,30_2.jpg,half_right
disgust,30_29.jpg,frontal
disgust,31_17.jpg,half_right
disgust,31_28.jpg,half_left
disgust,31_9.jpg,frontal
disgust,32_12.jpg,half_right
disgust,32_26.jpg,frontal
disgust,32_8.jpg,half_left
disgust,33_3.jpg,frontal
disgust,33_33.jpg,half_right
disgust,33_4.jpg,half_left
disgust,34_10.jpg,frontal
disgust,34_14.jpg,half_right
disgust,34_8.jpg,half_left
disgust,35_18.jpg,half_left
disgust,35_20.jpg,half_right
disgust,35_29.jpg,frontal
disgust,36_26.jpg,frontal
disgust,36_28.jpg,half_right
disgust,36_8.jpg,half_left
disgust,37_29.jpg,half_left
disgust,37_30.jpg,frontal
disgust,37_9.jpg,half_right
disgust,38_12.jpg,half_left
disgust,38_21.jpg,frontal
disgust,38_32.jpg,half_right
disgust,39_10.jpg,frontal
disgust,39_17.jpg,half_right
disgust,39_27.jpg,half_left
disgust,3_3.jpg,half_left
disgust,3_4.jpg,half_right
disgust,3_9.jpg,frontal
disgust,40_3.jpg,half_left
disgust,40_6.jpg,frontal
disgust,40_7.jpg,half_right
disgust,41_14.jpg,frontal
disgust,41_23.jpg,half_right
disgust,41_32.jpg,half_left
disgust,42_11.jpg,half_left
disgust,42_17.jpg,frontal
disgust,42_2.jpg,half_right
disgust,43_2.jpg,half_left
disgust,43_22.jpg,half_right
disgust,43_32.jpg,frontal
disgust,44_17.jpg,half_left
disgust,44_18.jpg,frontal
disgust,44_32.jpg,half_right
disgust,45_24.jpg,half_left
disgust,45_3.jpg,half_right
disgust,45_30.jpg,frontal
disgust,46_16.jpg,half_left
disgust,46_27.jpg,half_right
disgust,46_4.jpg,frontal
disgust,47_1.jpg,frontal
disgust,47_28.jpg,half_left
disgust,47_4.jpg,half_right
disgust,48_23.jpg,frontal
disgust,48_28.jpg,half_left
disgust,48_34.jpg,half_right
disgust,49_21.jpg,frontal
disgust,49_25.jpg,half_left
disgust,49_34.jpg,half_right
disgust,4_11.jpg,half_right
disgust,4_21.jpg,frontal
disgust,4_30.jpg,half_left
disgust,50_1.jpg,half_right
disgust,50_23.jpg,half_left
disgust,50_27.jpg,frontal
disgust,51_19.jpg,frontal
disgust,51_2.jpg,half_left
disgust,51_24.jpg,half_right
disgust,52_18.jpg,half_left
disgust,52_20.jpg,half_right
disgust,52_9.jpg,frontal
disgust,53_1.jpg,half_left
disgust,53_34.jpg,frontal
disgust,53_8.jpg,half_right
disgust,54_14.jpg,half_right
disgust,54_28.jpg,half_left
disgust,54_33.jpg,frontal
disgust,55_11.jpg,frontal
disgust,55_13.jpg,half_left
disgust,55_28.jpg,half_right
disgust,56_11.jpg,frontal
disgust,56_27.jpg,half_right
disgust,56_5.jpg,half_left
disgust,57_16.jpg,half_right
disgust,57_31.jpg,frontal
disgust,57_33.jpg,half_left
disgust,58_18.jpg,half_right
disgust,58_2.jpg,half_left
disgust,58_8.jpg,frontal
disgust,59_12.jpg,frontal
disgust,59_27.jpg,half_right
disgust,59_33.jpg,half_left
disgust,5_0.jpg,half_right
disgust,5_17.jpg,frontal
disgust,5_32.jpg,half_left
disgust,60_28.jpg,frontal
disgust,60_31.jpg,half_right
disgust,60_34.jpg,half_left
disgust,61_14.jpg,half_right
disgust,61_29.jpg,frontal
disgust,61_9.jpg,half_left
disgust,62_28.jpg,half_left
disgust,62_33.jpg,half_right
disgust,62_5.jpg,frontal
disgust,63_25.jpg,frontal
disgust,63_28.jpg,half_right
disgust,63_33.jpg,half_left
disgust,64_0.jpg,half_left
disgust,64_16.jpg,half_right
disgust,64_30.jpg,frontal
disgust,65_22.jpg,half_right
disgust,65_4.jpg,half_left
disgust,65_9.jpg,frontal
disgust,66_20.jpg,half_left
disgust,66_33.jpg,frontal
disgust,66_9.jpg,half_right
disgust,67_10.jpg,half_left
disgust,67_25.jpg,frontal
disgust,67_33.jpg,half_right
disgust,68_10.jpg,half_right
disgust,68_14.jpg,half_left
disgust,68_20.jpg,frontal
disgust,69_26.jpg,frontal
disgust,69_27.jpg,half_left
disgust,69_6.jpg,half_right
disgust,6_10.jpg,half_left
disgust,6_30.jpg,half_right
disgust,6_5.jpg,frontal
disgust,70_10.jpg,half_right
disgust,70_12.jpg,half_left
disgust,70_14.jpg,frontal
disgust,71_15.jpg,frontal
disgust,71_26.jpg,half_left
disgust,71_31.jpg,half_right
disgust,72_21.jpg,half_left
disgust,72_3.jpg,half_right
disgust,72_8.jpg,frontal
disgust,73_13.jpg,half_left
disgust,73_16.jpg,frontal
disgust,73_23.jpg,half_right
disgust,74_17.jpg,half_left
disgust,74_24.jpg,half_right
disgust,74_6.jpg,frontal
disgust,75_27.jpg,half_left
disgust,75_28.jpg,half_right
disgust,75_30.jpg,frontal
disgust,76_0.jpg,half_right
disgust,76_24.jpg,half_left
disgust,76_4.jpg,frontal
disgust,77_13.jpg,half_right
disgust,77_19.jpg,frontal
disgust,77_27.jpg,half_left
disgust,78_23.jpg,frontal
disgust,78_28.jpg,half_left
disgust,78_33.jpg,half_right
disgust,79_13.jpg,half_right
disgust,79_19.jpg,half_left
disgust,79_34.jpg,frontal
disgust,7_21.jpg,half_right
disgust,7_30.jpg,half_left
disgust,7_7.jpg,frontal
disgust,80_20.jpg,half_right
disgust,80_3.jpg,frontal
disgust,80_4.jpg,half_left
disgust,81_14.jpg,half_right
disgust,81_16.jpg,frontal
disgust,81_20.jpg,half_left
disgust,82_14.jpg,half_left
disgust,82_25.jpg,half_right
disgust,82_33.jpg,frontal
disgust,83_22.jpg,frontal
disgust,83_24.jpg,half_right
disgust,83_6.jpg,half_left
disgust,84_13.jpg,half_left
disgust,84_24.jpg,frontal
disgust,84_6.jpg,half_right
disgust,85_21.jpg,half_left
disgust,85_25.jpg,half_right
disgust,85_3.jpg,frontal
disgust,86_15.jpg,half_left
disgust,86_3.jpg,frontal
disgust,86_5.jpg,half_right
disgust,87_15.jpg,frontal
disgust,87_5.jpg,half_left
disgust,87_9.jpg,half_right
disgust,88_26.jpg,half_right
disgust,88_27.jpg,frontal
disgust,88_29.jpg,half_left
disgust,89_20.jpg,half_right
disgust,89_23.jpg,frontal
disgust,89_33.jpg,half_left
disgust,8_1.jpg,half_left
disgust,8_12.jpg,frontal
disgust,8_31.jpg,half_right
disgust,90_11.jpg,frontal
disgust,90_30.jpg,half_right
disgust,90_8.jpg,half_left
disgust,91_21.jpg,half_right
disgust,91_26.jpg,frontal
disgust,91_8.jpg,half_left
disgust,92_0.jpg,half_right
disgust,92_31.jpg,frontal
disgust,92_9.jpg,half_left
disgust,93_18.jpg,half_left
disgust,93_24.jpg,frontal
disgust,93_7.jpg,half_right
disgust,94_1.jpg,frontal
disgust,94_11.jpg,half_left
disgust,94_6.jpg,half_right
disgust,95_1.jpg,frontal
disgust,95_14.jpg,half_left
disgust,95_9.jpg,half_right
disgust,96_14.jpg,half_right
disgust,96_4.jpg,frontal
disgust,96_7.jpg,half_left
disgust,97_14.jpg,frontal
disgust,97_19.jpg,half_right
disgust,97_4.jpg,half_left
disgust,98_19.jpg,half_left
disgust,98_23.jpg,half_right
disgust,98_5.jpg,frontal
disgust,99_10.jpg,half_right
disgust,99_2.jpg,frontal
disgust,99_23.jpg,half_left
disgust,9_11.jpg,frontal
disgust,9_23.jpg,half_left
disgust,9_31.jpg,half_right
fear,0_2.jpg,half_right
fear,0_26.jpg,frontal
fear,0_7.jpg,half_left
fear,100_11.jpg,half_left
fear,100_16.jpg,frontal
fear,100_5.jpg,half_right
fear,101_17.jpg,frontal
fear,101_5.jpg,half_left
fear,101_9.jpg,half_right
fear,102_12.jpg,half_right
fear,102_14.jpg,frontal
fear,102_5.jpg,half_left
fear,103_10.jpg,frontal
fear,103_4.jpg,half_right
fear,103_5.jpg,half_left
fear,104_18.jpg,half_left
fear,104_2.jpg,half_right
fear,104_9.jpg,frontal
fear,105_20.jpg,frontal
fear,105_23.jpg,half_right
fear,105_6.jpg,half_left
fear,106_26.jpg,half_right
fear,106_29.jpg,half_left
fear,106_30.jpg,frontal
fear,107_19.jpg,frontal
fear,107_3.jpg,half_left
fear,107_7.jpg,half_right
fear,108_3.jpg,half_left
fear,108_32.jpg,frontal
fear,108_9.jpg,half_right
fear,109_11.jpg,half_right
fear,109_34.jpg,half_left
fear,109_7.jpg,frontal
fear,10_2.jpg,half_right
fear,10_29.jpg,frontal
fear,10_33.jpg,half_left
fear,110_12.jpg,half_left
fear,110_24.jpg,frontal
fear,110_32.jpg,half_right
fear,111_0.jpg,frontal
fear,111_26.jpg,half_left
fear,111_7.jpg,half_right
fear,112_13.jpg,half_left
fear,112_17.jpg,frontal
fear,112_32.jpg,half_right
fear,113_15.jpg,frontal
fear,113_27.jpg,half_right
fear,113_9.jpg,half_left
fear,114_13.jpg,half_right
fear,114_20.jpg,half_left
fear,114_32.jpg,frontal
fear,115_0.jpg,half_right
fear,115_20.jpg,half_left
fear,115_9.jpg,frontal
fear,116_13.jpg,half_left
fear,116_34.jpg,half_right
fear,116_6.jpg,frontal
fear,117_12.jpg,half_left
fear,117_2.jpg,frontal
fear,117_26.jpg,half_right
fear,118_13.jpg,frontal
fear,118_24.jpg,half_left
fear,118_3.jpg,half_right
fear,119_19.jpg,half_right
fear,119_25.jpg,half_left
fear,119_5.jpg,frontal
fear,11_0.jpg,frontal
fear,11_2.jpg,half_right
fear,11_24.jpg,half_left
fear,120_11.jpg,half_left
fear,120_27.jpg,frontal
fear,120_33.jpg,half_right
fear,121_2.jpg,frontal
fear,121_22.jpg,half_left
fear,121_7.jpg,half_right
fear,122_2.jpg,frontal
fear,122_32.jpg,half_left
fear,122_8.jpg,half_right
fear,123_0.jpg,frontal
fear,123_14.jpg,half_right
fear,123_8.jpg,half_left
fear,124_14.jpg,frontal
fear,124_15.jpg,half_right
fear,124_24.jpg,half_left
fear,125_12.jpg,half_right
fear,125_6.jpg,half_left
fear,125_9.jpg,frontal
fear,126_0.jpg,half_right
fear,126_27.jpg,frontal
fear,126_9.jpg,half_left
fear,127_15.jpg,half_left
fear,127_20.jpg,frontal
fear,127_6.jpg,half_right
fear,128_0.jpg,frontal
fear,128_5.jpg,half_right
fear,128_7.jpg,half_left
fear,129_24.jpg,half_right
fear,129_27.jpg,frontal
fear,129_33.jpg,half_left
fear,12_10.jpg,half_right
fear,12_17.jpg,half_left
fear,12_22.jpg,frontal
fear,130_22.jpg,frontal
fear,130_34.jpg,half_left
fear,130_6.jpg,half_right
fear,131_1.jpg,half_right
fear,131_11.jpg,frontal
fear,131_28.jpg,half_left
fear,132_0.jpg,half_left
fear,132_1.jpg,half_right
fear,132_9.jpg,frontal
fear,133_12.jpg,frontal
fear,133_19.jpg,half_right
fear,133_6.jpg,half_left
fear,134_1.jpg,half_left
fear,134_16.jpg,frontal
fear,134_25.jpg,half_right
fear,135_0.jpg,frontal
fear,135_17.jpg,half_right
fear,135_6.jpg,half_left
fear,136_11.jpg,half_left
fear,136_27.jpg,frontal
fear,136_34.jpg,half_right
fear,137_30.jpg,half_right
fear,137_31.jpg,half_left
fear,137_32.jpg,frontal
fear,138_1.jpg,half_left
fear,138_19.jpg,frontal
fear,138_4.jpg,half_right
fear,139_10.jpg,half_right
fear,139_13.jpg,half_left
fear,139_17.jpg,frontal
fear,13_0.jpg,half_right
fear,13_2.jpg,frontal
fear,13_23.jpg,half_left
fear,14_21.jpg,half_right
fear,14_30.jpg,half_left
fear,14_5.jpg,frontal
fear,15_11.jpg,half_left
fear,15_12.jpg,frontal
fear,15_2.jpg,half_right
fear,16_11.jpg,half_right
fear,16_29.jpg,half_left
fear,16_33.jpg,frontal
fear,17_27.jpg,half_right
fear,17_3.jpg,frontal
fear,17_5.jpg,half_left
fear,18_19.jpg,frontal
fear,18_3.jpg,half_right
fear,18_34.jpg,half_left
fear,19_22.jpg,half_right
fear,19_24.jpg,frontal
fear,19_4.jpg,half_left
fear,1_10.jpg,half_right
fear,1_21.jpg,frontal
fear,1_24.jpg,half_left
fear,20_19.jpg,frontal
fear,20_6.jpg,half_right
fear,20_9.jpg,half_left
fear,21_29.jpg,half_right
fear,21_4.jpg,half_left
fear,21_9.jpg,frontal
fear,22_15.jpg,frontal
fear,22_18.jpg,half_left
fear,22_21.jpg,half_right
fear,23_33.jpg,frontal
fear,23_4.jpg,half_left
fear,23_6.jpg,half_right
fear,24_0.jpg,frontal
fear,24_11.jpg,half_right
fear,24_4.jpg,half_left
fear,25_22.jpg,half_left
fear,25_30.jpg,frontal
fear,25_7.jpg,half_right
fear,26_18.jpg,frontal
fear,26_33.jpg,half_left
fear,26_5.jpg,half_right
fear,27_12.jpg,frontal
fear,27_2.jpg,half_left
fear,27_7.jpg,half_right
fear,28_24.jpg,half_right
fear,28_32.jpg,frontal
fear,28_7.jpg,half_left
fear,29_12.jpg,half_right
fear,29_4.jpg,frontal
fear,29_9.jpg,half_left
fear,2_12.jpg,half_left
fear,2_18.jpg,half_right
fear,2_22.jpg,frontal
fear,30_0.jpg,half_left
fear,30_15.jpg,frontal
fear,30_30.jpg,half_right
fear,31_16.jpg,frontal
fear,31_19.jpg,half_left
fear,31_2.jpg,half_right
fear,32_14.jpg,half_right
fear,32_28.jpg,frontal
fear,32_31.jpg,half_left
fear,33_28.jpg,half_right
fear,33_29.jpg,frontal
fear,33_8.jpg,half_left
fear,34_12.jpg,half_left
fear,34_30.jpg,half_right
fear,34_7.jpg,frontal
fear,35_14.jpg,frontal
fear,35_16.jpg,half_left
fear,35_22.jpg,half_right
fear,36_21.jpg,half_right
fear,36_25.jpg,half_left
fear,36_30.jpg,frontal
fear,37_14.jpg,half_right
fear,37_18.jpg,frontal
fear,37_6.jpg,half_left
fear,38_16.jpg,frontal
fear,38_28.jpg,half_left
fear,38_8.jpg,half_right
fear,39_18.jpg,frontal
fear,39_21.jpg,half_right
fear,39_31.jpg,half_left
fear,3_26.jpg,half_left
fear,3_32.jpg,half_right
fear,3_8.jpg,frontal
fear,40_13.jpg,frontal
fear,40_17.jpg,half_right
fear,40_21.jpg,half_left
fear,41_17.jpg,frontal
fear,41_29.jpg,half_left
fear,41_30.jpg,half_right
fear,42_19.jpg,half_left
fear,42_20.jpg,frontal
fear,42_33.jpg,half_right
fear,43_18.jpg,half_right
fear,43_31.jpg,frontal
fear,43_7.jpg,half_left
fear,44_13.jpg,half_left
fear,44_21.jpg,half_right
fear,44_31.jpg,frontal
fear,45_11.jpg,half_left
fear,45_17.jpg,frontal
fear,45_32.jpg,half_right
fear,46_19.jpg,frontal
fear,46_22.jpg,half_right
fear,46_33.jpg,half_left
fear,47_14.jpg,half_left
fear,47_16.jpg,half_right
fear,47_5.jpg,frontal
fear,48_3.jpg,half_left
fear,48_5.jpg,frontal
fear,48_6.jpg,half_right
fear,49_3.jpg,half_right
fear,49_5.jpg,frontal
fear,49_7.jpg,half_left
fear,4_13.jpg,half_left
fear,4_26.jpg,half_right
fear,4_6.jpg,frontal
fear,50_22.jpg,frontal
fear,50_24.jpg,half_right
fear,50_28.jpg,half_left
fear,51_18.jpg,half_right
fear,51_27.jpg,half_left
fear,51_28.jpg,frontal
fear,52_1.jpg,frontal
fear,52_11.jpg,half_right
fear,52_17.jpg,half_left
fear,53_22.jpg,half_right
fear,53_31.jpg,half_left
fear,53_6.jpg,frontal
fear,54_1.jpg,frontal
fear,54_29.jpg,half_right
fear,54_34.jpg,half_left
fear,55_17.jpg,half_right
fear,55_2.jpg,half_left
fear,55_33.jpg,frontal
fear,56_19.jpg,frontal
fear,56_21.jpg,half_right
fear,56_31.jpg,half_left
fear,57_21.jpg,half_right
fear,57_27.jpg,frontal
fear,57_30.jpg,half_left
fear,58_21.jpg,frontal
fear,58_33.jpg,half_right
fear,58_9.jpg,half_left
fear,59_17.jpg,frontal
fear,59_19.jpg,half_right
fear,59_5.jpg,half_left
fear,5_18.jpg,half_right
fear,5_3.jpg,half_left
fear,5_5.jpg,frontal
fear,60_16.jpg,frontal
fear,60_23.jpg,half_left
fear,60_8.jpg,half_right
fear,61_10.jpg,half_left
fear,61_15.jpg,frontal
fear,61_30.jpg,half_right
fear,62_26.jpg,frontal
fear,62_30.jpg,half_left
fear,62_32.jpg,half_right
fear,63_10.jpg,half_right
fear,63_19.jpg,frontal
fear,63_21.jpg,half_left
fear,64_24.jpg,frontal
fear,64_27.jpg,half_right
fear,64_7.jpg,half_left
fear,65_26.jpg,frontal
fear,65_27.jpg,half_left
fear,65_30.jpg,half_right
fear,66_0.jpg,frontal
fear,66_24.jpg,half_left
fear,66_34.jpg,half_right
fear,67_27.jpg,half_left
fear,67_30.jpg,half_right
fear,67_6.jpg,frontal
fear,68_15.jpg,half_right
fear,68_32.jpg,half_left
fear,68_34.jpg,frontal
fear,69_11.jpg,half_right
fear,69_12.jpg,frontal
fear,69_29.jpg,half_left
fear,6_29.jpg,half_left
fear,6_4.jpg,half_right
fear,6_9.jpg,frontal
fear,70_23.jpg,half_right
fear,70_30.jpg,frontal
fear,70_31.jpg,half_left
fear,71_10.jpg,half_right
fear,71_17.jpg,half_left
fear,71_25.jpg,frontal
fear,72_28.jpg,half_right
fear,72_29.jpg,half_left
fear,72_32.jpg,frontal
fear,73_10.jpg,half_left
fear,73_17.jpg,half_right
fear,73_9.jpg,frontal
fear,74_13.jpg,half_left
fear,74_16.jpg,half_right
fear,74_8.jpg,frontal
fear,75_20.jpg,half_right
fear,75_31.jpg,half_left
fear,75_7.jpg,frontal
fear,76_13.jpg,frontal
fear,76_16.jpg,half_left
fear,76_5.jpg,half_right
fear,77_1.jpg,frontal
fear,77_10.jpg,half_left
fear,77_12.jpg,half_right
fear,78_1.jpg,half_left
fear,78_17.jpg,half_right
fear,78_30.jpg,frontal
fear,79_10.jpg,half_left
fear,79_6.jpg,frontal
fear,79_9.jpg,half_right
fear,7_1.jpg,half_right
fear,7_12.jpg,frontal
fear,7_31.jpg,half_left
fear,80_10.jpg,half_left
fear,80_13.jpg,half_right
fear,80_31.jpg,frontal
fear,81_11.jpg,half_left
fear,81_24.jpg,frontal
fear,81_6.jpg,half_right
fear,82_2.jpg,half_left
fear,82_28.jpg,half_right
fear,82_7.jpg,frontal
fear,83_26.jpg,half_right
fear,83_31.jpg,frontal
fear,83_33.jpg,half_left
fear,84_0.jpg,half_right
fear,84_26.jpg,half_left
fear,84_30.jpg,frontal
fear,85_1.jpg,half_right
fear,85_12.jpg,frontal
fear,85_23.jpg,half_left
fear,86_0.jpg,frontal
fear,86_30.jpg,half_right
fear,86_34.jpg,half_left
fear,87_31.jpg,half_left
fear,87_32.jpg,frontal
fear,87_34.jpg,half_right
fear,88_13.jpg,half_left
fear,88_16.jpg,frontal
fear,88_21.jpg,half_right
fear,89_15.jpg,half_right
fear,89_17.jpg,half_left
fear,89_4.jpg,frontal
fear,8_2.jpg,half_left
fear,8_20.jpg,half_right
fear,8_26.jpg,frontal
fear,90_22.jpg,half_left
fear,90_27.jpg,half_right
fear,90_31.jpg,frontal
fear,91_14.jpg,half_left
fear,91_16.jpg,frontal
fear,91_6.jpg,half_right
fear,92_17.jpg,half_left
fear,92_27.jpg,frontal
fear,92_5.jpg,half_right
fear,93_12.jpg,half_right
fear,93_26.jpg,half_left
fear,93_29.jpg,frontal
fear,94_0.jpg,frontal
fear,94_3.jpg,half_right
fear,94_34.jpg,half_left
fear,95_0.jpg,frontal
fear,95_13.jpg,half_left
fear,95_19.jpg,half_right
fear,96_11.jpg,half_left
fear,96_24.jpg,frontal
fear,96_28.jpg,half_right
fear,97_16.jpg,frontal
fear,97_17.jpg,half_left
fear,97_5.jpg,half_right
fear,98_15.jpg,half_left
fear,98_22.jpg,frontal
fear,98_26.jpg,half_right
fear,99_18.jpg,half_left
fear,99_25.jpg,frontal
fear,99_4.jpg,half_right
fear,9_15.jpg,half_left
fear,9_17.jpg,half_right
fear,9_22.jpg,frontal
happy,0_19.jpg,half_left
happy,0_24.jpg,frontal
happy,0_30.jpg,half_right
happy,100_10.jpg,frontal
happy,100_21.jpg,half_right
happy,100_33.jpg,half_left
happy,101_10.jpg,half_left
happy,101_24.jpg,frontal
happy,101_34.jpg,half_right
happy,102_19.jpg,frontal
happy,102_2.jpg,half_left
happy,102_26.jpg,half_right
happy,103_2.jpg,half_right
happy,103_29.jpg,frontal
happy,103_3.jpg,half_left
happy,104_1.jpg,half_left
happy,104_16.jpg,half_right
happy,104_26.jpg,frontal
happy,105_10.jpg,half_right
happy,105_32.jpg,half_left
happy,105_34.jpg,frontal
happy,106_14.jpg,frontal
happy,106_16.jpg,half_left
happy,106_17.jpg,half_right
happy,107_18.jpg,frontal
happy,107_27.jpg,half_right
happy,107_29.jpg,half_left
happy,108_17.jpg,frontal
happy,108_27.jpg,half_right
happy,108_33.jpg,half_left
happy,109_10.jpg,half_left
happy,109_20.jpg,half_right
happy,109_6.jpg,frontal
happy,10_10.jpg,half_right
happy,10_13.jpg,frontal
happy,10_17.jpg,half_left
happy,110_1.jpg,frontal
happy,110_27.jpg,half_left
happy,110_31.jpg,half_right
happy,111_12.jpg,half_right
happy,111_27.jpg,half_left
happy,111_34.jpg,frontal
happy,112_1.jpg,half_left
happy,112_7.jpg,frontal
happy,112_9.jpg,half_right
happy,113_0.jpg,half_left
happy,113_10.jpg,frontal
happy,113_16.jpg,half_right
happy,114_17.jpg,frontal
happy,114_26.jpg,half_left
happy,114_8.jpg,half_right
happy,115_16.jpg,half_left
happy,115_25.jpg,half_right
happy,115_4.jpg,frontal
happy,116_25.jpg,half_left
happy,116_31.jpg,frontal
happy,116_8.jpg,half_right
happy,117_0.jpg,half_left
happy,117_14.jpg,frontal
happy,117_17.jpg,half_right
happy,118_14.jpg,half_right
happy,118_26.jpg,frontal
happy,118_28.jpg,half_left
happy,119_16.jpg,frontal
happy,119_26.jpg,half_left
happy,119_31.jpg,half_right
happy,11_21.jpg,half_left
happy,11_5.jpg,frontal
happy,11_7.jpg,half_right
happy,120_12.jpg,half_right
happy,120_29.jpg,half_left
happy,120_6.jpg,frontal
happy,121_15.jpg,half_right
happy,121_17.jpg,half_left
happy,121_29.jpg,frontal
happy,122_13.jpg,half_left
happy,122_16.jpg,frontal
happy,122_34.jpg,half_right
happy,123_11.jpg,half_left
happy,123_15.jpg,frontal
happy,123_28.jpg,half_right
happy,124_26.jpg,frontal
happy,124_28.jpg,half_right
happy,124_6.jpg,half_left
happy,125_23.jpg,half_right
happy,125_31.jpg,frontal
happy,125_33.jpg,half_left
happy,126_16.jpg,half_left
happy,126_19.jpg,half_right
happy,126_6.jpg,frontal
happy,127_21.jpg,half_left
happy,127_24.jpg,frontal
happy,127_9.jpg,half_right
happy,128_1.jpg,half_left
happy,128_19.jpg,frontal
happy,128_29.jpg,half_right
happy,129_14.jpg,half_left
happy,129_22.jpg,half_right
happy,129_28.jpg,frontal
happy,12_13.jpg,half_left
happy,12_14.jpg,frontal
happy,12_24.jpg,half_right
happy,130_11.jpg,half_right
happy,130_14.jpg,half_left
happy,130_28.jpg,frontal
happy,131_19.jpg,half_right
happy,131_34.jpg,half_left
happy,131_5.jpg,frontal
happy,132_10.jpg,half_left
happy,132_11.jpg,half_right
happy,132_13.jpg,frontal
happy,133_13.jpg,frontal
happy,133_18.jpg,half_left
happy,133_26.jpg,half_right
happy,134_28.jpg,half_right
happy,134_30.jpg,half_left
happy,134_6.jpg,frontal
happy,135_10.jpg,frontal
happy,135_15.jpg,half_left
happy,135_34.jpg,half_right
happy,136_10.jpg,half_right
happy,136_29.jpg,frontal
happy,136_30.jpg,half_left
happy,137_11.jpg,half_left
happy,137_21.jpg,half_right
happy,137_25.jpg,frontal
happy,138_10.jpg,half_left
happy,138_17.jpg,frontal
happy,138_6.jpg,half_right
happy,139_25.jpg,half_left
happy,139_30.jpg,half_right
happy,139_7.jpg,frontal
happy,13_10.jpg,frontal
happy,13_30.jpg,half_right
happy,13_9.jpg,half_left
happy,14_24.jpg,half_right
happy,14_6.jpg,half_left
happy,14_8.jpg,frontal
happy,15_10.jpg,frontal
happy,15_21.jpg,half_left
happy,15_33.jpg,half_right
happy,16_12.jpg,half_left
happy,16_22.jpg,half_right
happy,16_25.jpg,frontal
happy,17_21.jpg,half_left
happy,17_23.jpg,frontal
happy,17_7.jpg,half_right
happy,18_13.jpg,frontal
happy,18_18.jpg,half_left
happy,18_2.jpg,half_right
happy,19_3.jpg,half_left
happy,19_5.jpg,half_right
happy,19_8.jpg,frontal
happy,1_30.jpg,frontal
happy,1_32.jpg,half_left
happy,1_6.jpg,half_right
happy,20_11.jpg,frontal
happy,20_32.jpg,half_right
happy,20_33.jpg,half_left
happy,21_2.jpg,half_right
happy,21_24.jpg,half_left
happy,21_8.jpg,frontal
happy,22_12.jpg,half_right
happy,22_16.jpg,frontal
happy,22_23.jpg,half_left
happy,23_11.jpg,frontal
happy,23_13.jpg,half_right
happy,23_5.jpg,half_left
happy,24_13.jpg,half_right
happy,24_24.jpg,frontal
happy,24_27.jpg,half_left
happy,25_23.jpg,half_right
happy,25_31.jpg,frontal
happy,25_9.jpg,half_left
happy,26_13.jpg,frontal
happy,26_30.jpg,half_left
happy,26_4.jpg,half_right
happy,27_1.jpg,frontal
happy,27_18.jpg,half_right
happy,27_21.jpg,half_left
happy,28_22.jpg,frontal
happy,28_31.jpg,half_right
happy,28_33.jpg,half_left
happy,29_24.jpg,frontal
happy,29_29.jpg,half_right
happy,29_34.jpg,half_left
happy,2_14.jpg,half_right
happy,2_32.jpg,half_left
happy,2_4.jpg,frontal
happy,30_16.jpg,frontal
happy,30_20.jpg,half_right
happy,30_33.jpg,half_left
happy,31_11.jpg,half_left
happy,31_24.jpg,half_right
happy,31_31.jpg,frontal
happy,32_1.jpg,half_right
happy,32_21.jpg,frontal
happy,32_9.jpg,half_left
happy,33_11.jpg,half_right
happy,33_22.jpg,half_left
happy,33_6.jpg,frontal
happy,34_16.jpg,half_right
happy,34_19.jpg,half_left
happy,34_28.jpg,frontal
happy,35_13.jpg,half_right
happy,35_23.jpg,half_left
happy,35_26.jpg,frontal
happy,36_12.jpg,half_left
happy,36_13.jpg,frontal
happy,36_6.jpg,half_right
happy,37_20.jpg,half_left
happy,37_23.jpg,half_right
happy,37_3.jpg,frontal
happy,38_11.jpg,frontal
happy,38_17.jpg,half_right
happy,38_9.jpg,half_left
happy,39_0.jpg,half_right
happy,39_19.jpg,frontal
happy,39_24.jpg,half_left
happy,3_0.jpg,frontal
happy,3_11.jpg,half_left
happy,3_28.jpg,half_right
happy,40_11.jpg,frontal
happy,40_23.jpg,half_left
happy,40_4.jpg,half_right
happy,41_18.jpg,frontal
happy,41_33.jpg,half_right
happy,41_9.jpg,half_left
happy,42_0.jpg,frontal
happy,42_5.jpg,half_left
happy,42_7.jpg,half_right
happy,43_12.jpg,half_right
happy,43_21.jpg,half_left
happy,43_28.jpg,frontal
happy,44_28.jpg,half_right
happy,44_3.jpg,half_left
happy,44_9.jpg,frontal
happy,45_15.jpg,half_left
happy,45_16.jpg,frontal
happy,45_8.jpg,half_right
happy,46_23.jpg,frontal
happy,46_32.jpg,half_left
happy,46_9.jpg,half_right
happy,47_10.jpg,half_right
happy,47_22.jpg,frontal
happy,47_26.jpg,half_left
happy,48_12.jpg,half_left
happy,48_17.jpg,frontal
happy,48_29.jpg,half_right
happy,49_12.jpg,half_right
happy,49_27.jpg,half_left
happy,49_33.jpg,frontal
happy,4_1.jpg,frontal
happy,4_15.jpg,half_left
happy,4_16.jpg,half_right
happy,50_10.jpg,frontal
happy,50_16.jpg,half_left
happy,50_5.jpg,half_right
happy,51_10.jpg,frontal
happy,51_13.jpg,half_left
happy,51_30.jpg,half_right
happy,52_32.jpg,frontal
happy,52_6.jpg,half_right
happy,52_7.jpg,half_left
happy,53_10.jpg,frontal
happy,53_16.jpg,half_left
happy,53_3.jpg,half_right
happy,54_13.jpg,half_left
happy,54_27.jpg,half_right
happy,54_30.jpg,frontal
happy,55_25.jpg,half_right
happy,55_6.jpg,frontal
happy,55_7.jpg,half_left
happy,56_23.jpg,frontal
happy,56_32.jpg,half_right
happy,56_6.jpg,half_left
happy,57_20.jpg,half_right
happy,57_25.jpg,half_left
happy,57_9.jpg,frontal
happy,58_12.jpg,half_right
happy,58_29.jpg,frontal
happy,58_34.jpg,half_left
happy,59_0.jpg,half_left
happy,59_21.jpg,frontal
happy,59_23.jpg,half_right
happy,5_2.jpg,half_right
happy,5_34.jpg,half_left
happy,5_6.jpg,frontal
happy,60_0.jpg,half_left
happy,60_32.jpg,half_right
happy,60_33.jpg,frontal
happy,61_21.jpg,frontal
happy,61_28.jpg,half_left
happy,61_8.jpg,half_right
happy,62_10.jpg,half_left
happy,62_27.jpg,half_right
happy,62_34.jpg,frontal
happy,63_14.jpg,frontal
happy,63_31.jpg,half_left
happy,63_7.jpg,half_right
happy,64_10.jpg,half_right
happy,64_13.jpg,half_left
happy,64_26.jpg,frontal
happy,65_14.jpg,half_left
happy,65_18.jpg,half_right
happy,65_2.jpg,frontal
happy,66_10.jpg,frontal
happy,66_28.jpg,half_left
happy,66_8.jpg,half_right
happy,67_22.jpg,frontal
happy,67_5.jpg,half_left
happy,67_8.jpg,half_right
happy,68_2.jpg,half_right
happy,68_28.jpg,half_left
happy,68_33.jpg,frontal
happy,69_14.jpg,half_right
happy,69_20.jpg,half_left
happy,69_9.jpg,frontal
happy,6_23.jpg,half_left
happy,6_25.jpg,frontal
happy,6_3.jpg,half_right
happy,70_18.jpg,half_right
happy,70_22.jpg,frontal
happy,70_25.jpg,half_left
happy,71_19.jpg,half_right
happy,71_27.jpg,half_left
happy,71_9.jpg,frontal
happy,72_0.jpg,frontal
happy,72_24.jpg,half_left
happy,72_25.jpg,half_right
happy,73_12.jpg,frontal
happy,73_2.jpg,half_right
happy,73_25.jpg,half_left
happy,74_0.jpg,half_right
happy,74_1.jpg,half_left
happy,74_25.jpg,frontal
happy,75_26.jpg,half_right
happy,75_34.jpg,frontal
happy,75_9.jpg,half_left
happy,76_2.jpg,half_right
happy,76_7.jpg,half_left
happy,76_8.jpg,frontal
happy,77_22.jpg,frontal
happy,77_23.jpg,half_right
happy,77_24.jpg,half_left
happy,78_10.jpg,half_right
happy,78_16.jpg,frontal
happy,78_2.jpg,half_left
happy,79_20.jpg,half_left
happy,79_33.jpg,half_right
happy,79_5.jpg,frontal
happy,7_10.jpg,half_right
happy,7_16.jpg,frontal
happy,7_9.jpg,half_left
happy,80_2.jpg,frontal
happy,80_21.jpg,half_right
happy,80_30.jpg,half_left
happy,81_22.jpg,frontal
happy,81_3.jpg,half_right
happy,81_7.jpg,half_left
happy,82_0.jpg,half_right
happy,82_1.jpg,frontal
happy,82_8.jpg,half_left
happy,83_1.jpg,half_right
happy,83_14.jpg,half_left
happy,83_17.jpg,frontal
happy,84_12.jpg,half_left
happy,84_14.jpg,frontal
happy,84_3.jpg,half_right
happy,85_16.jpg,frontal
happy,85_20.jpg,half_left
happy,85_7.jpg,half_right
happy,86_17.jpg,half_left
happy,86_2.jpg,half_right
happy,86_20.jpg,frontal
happy,87_22.jpg,half_left
happy,87_25.jpg,frontal
happy,87_6.jpg,half_right
happy,88_14.jpg,half_right
happy,88_15.jpg,half_left
happy,88_17.jpg,frontal
happy,89_18.jpg,frontal
happy,89_3.jpg,half_right
happy,89_9.jpg,half_left
happy,8_17.jpg,half_left
happy,8_6.jpg,frontal
happy,8_8.jpg,half_right
happy,90_15.jpg,frontal
happy,90_2.jpg,half_left
happy,90_3.jpg,half_right
happy,91_19.jpg,frontal
happy,91_22.jpg,half_right
happy,91_28.jpg,half_left
happy,92_2.jpg,frontal
happy,92_3.jpg,half_right
happy,92_8.jpg,half_left
happy,93_19.jpg,half_right
happy,93_21.jpg,half_left
happy,93_4.jpg,frontal
happy,94_13.jpg,half_right
happy,94_20.jpg,half_left
happy,94_29.jpg,frontal
happy,95_20.jpg,frontal
happy,95_22.jpg,half_left
happy,95_8.jpg,half_right
happy,96_20.jpg,frontal
happy,96_3.jpg,half_left
happy,96_30.jpg,half_right
happy,97_11.jpg,half_left
happy,97_3.jpg,half_right
happy,97_7.jpg,frontal
happy,98_17.jpg,half_right
happy,98_21.jpg,frontal
happy,98_25.jpg,half_left
happy,99_13.jpg,half_right
happy,99_19.jpg,frontal
happy,99_32.jpg,half_left
happy,9_0.jpg,frontal
happy,9_28.jpg,half_right
happy,9_4.jpg,half_left
neutral,0_14.jpg,half_right
neutral,0_15.jpg,half_left
neutral,0_5.jpg,frontal
neutral,100_1.jpg,half_right
neutral,100_25.jpg,half_left
neutral,100_30.jpg,frontal
neutral,101_16.jpg,frontal
neutral,101_2.jpg,half_left
neutral,101_23.jpg,half_right
neutral,102_15.jpg,half_right
neutral,102_29.jpg,half_left
neutral,102_6.jpg,frontal
neutral,103_20.jpg,frontal
neutral,103_21.jpg,half_left
neutral,103_22.jpg,half_right
neutral,104_22.jpg,half_left
neutral,104_24.jpg,half_right
neutral,104_32.jpg,frontal
neutral,105_14.jpg,frontal
neutral,105_22.jpg,half_left
neutral,105_7.jpg,half_right
neutral,106_33.jpg,frontal
neutral,106_6.jpg,half_left
neutral,106_9.jpg,half_right
neutral,107_21.jpg,half_right
neutral,107_24.jpg,half_left
neutral,107_30.jpg,frontal
neutral,108_14.jpg,half_right
neutral,108_30.jpg,half_left
neutral,108_7.jpg,frontal
neutral,109_12.jpg,half_left
neutral,109_16.jpg,frontal
neutral,109_29.jpg,half_right
neutral,10_11.jpg,half_left
neutral,10_14.jpg,frontal
neutral,10_26.jpg,half_right
neutral,110_21.jpg,half_left
neutral,110_29.jpg,half_right
neutral,110_5.jpg,frontal
neutral,111_10.jpg,frontal
neutral,111_3.jpg,half_right
neutral,111_6.jpg,half_left
neutral,112_11.jpg,frontal
neutral,112_18.jpg,half_left
neutral,112_3.jpg,half_right
neutral,113_12.jpg,half_right
neutral,113_26.jpg,frontal
neutral,113_32.jpg,half_left
neutral,114_18.jpg,frontal
neutral,114_19.jpg,half_right
neutral,114_29.jpg,half_left
neutral,115_14.jpg,half_left
neutral,115_32.jpg,frontal
neutral,115_6.jpg,half_right
neutral,116_15.jpg,half_left
neutral,116_20.jpg,frontal
neutral,116_30.jpg,half_right
neutral,117_23.jpg,half_right
neutral,117_3.jpg,frontal
neutral,117_5.jpg,half_left
neutral,118_17.jpg,half_left
neutral,118_22.jpg,half_right
neutral,118_4.jpg,frontal
neutral,119_15.jpg,half_left
neutral,119_3.jpg,half_right
neutral,119_34.jpg,frontal
neutral,11_3.jpg,half_left
neutral,11_6.jpg,frontal
neutral,11_8.jpg,half_right
neutral,120_24.jpg,half_right
neutral,120_28.jpg,frontal
neutral,120_32.jpg,half_left
neutral,121_13.jpg,half_left
neutral,121_34.jpg,frontal
neutral,121_9.jpg,half_right
neutral,122_24.jpg,half_right
neutral,122_30.jpg,frontal
neutral,122_31.jpg,half_left
neutral,123_1.jpg,half_left
neutral,123_17.jpg,frontal
neutral,123_24.jpg,half_right
neutral,124_11.jpg,frontal
neutral,124_34.jpg,half_right
neutral,124_5.jpg,half_left
neutral,125_20.jpg,half_right
neutral,125_21.jpg,half_left
neutral,125_3.jpg,frontal
neutral,126_17.jpg,half_right
neutral,126_31.jpg,frontal
neutral,126_33.jpg,half_left
neutral,127_2.jpg,frontal
neutral,127_3.jpg,half_left
neutral,127_5.jpg,half_right
neutral,128_20.jpg,frontal
neutral,128_25.jpg,half_right
neutral,128_32.jpg,half_left
neutral,129_29.jpg,frontal
neutral,129_32.jpg,half_right
neutral,129_7.jpg,half_left
neutral,12_18.jpg,frontal
neutral,12_26.jpg,half_right
neutral,12_29.jpg,half_left
neutral,130_10.jpg,half_left
neutral,130_18.jpg,frontal
neutral,130_19.jpg,half_right
neutral,131_15.jpg,half_left
neutral,131_6.jpg,frontal
neutral,131_9.jpg,half_right
neutral,132_25.jpg,half_left
neutral,132_29.jpg,frontal
neutral,132_8.jpg,half_right
neutral,133_15.jpg,half_left
neutral,133_4.jpg,frontal
neutral,133_7.jpg,half_right
neutral,134_17.jpg,half_left
neutral,134_21.jpg,frontal
neutral,134_22.jpg,half_right
neutral,135_23.jpg,half_right
neutral,135_28.jpg,frontal
neutral,135_3.jpg,half_left
neutral,136_31.jpg,half_left
neutral,136_33.jpg,half_right
neutral,136_9.jpg,frontal
neutral,137_13.jpg,frontal
neutral,137_2.jpg,half_left
neutral,137_26.jpg,half_right
neutral,138_27.jpg,half_left
neutral,138_29.jpg,half_right
neutral,138_7.jpg,frontal
neutral,139_14.jpg,half_right
neutral,139_32.jpg,frontal
neutral,139_9.jpg,half_left
neutral,13_1.jpg,frontal
neutral,13_27.jpg,half_right
neutral,13_6.jpg,half_left
neutral,14_12.jpg,frontal
neutral,14_22.jpg,half_right
neutral,14_31.jpg,half_left
neutral,15_1.jpg,half_right
neutral,15_13.jpg,half_left
neutral,15_9.jpg,frontal
neutral,16_0.jpg,half_right
neutral,16_13.jpg,frontal
neutral,16_27.jpg,half_left
neutral,17_11.jpg,half_right
neutral,17_20.jpg,half_left
neutral,17_34.jpg,frontal
neutral,18_17.jpg,half_left
neutral,18_25.jpg,half_right
neutral,18_7.jpg,frontal
neutral,19_11.jpg,frontal
neutral,19_16.jpg,half_right
neutral,19_31.jpg,half_left
neutral,1_1.jpg,half_left
neutral,1_19.jpg,frontal
neutral,1_25.jpg,half_right
neutral,20_12.jpg,half_right
neutral,20_17.jpg,frontal
neutral,20_20.jpg,half_left
neutral,21_23.jpg,half_right
neutral,21_5.jpg,frontal
neutral,21_7.jpg,half_left
neutral,22_1.jpg,half_left
neutral,22_10.jpg,half_right
neutral,22_4.jpg,frontal
neutral,23_3.jpg,half_right
neutral,23_31.jpg,frontal
neutral,23_34.jpg,half_left
neutral,24_2.jpg,half_right
neutral,24_6.jpg,frontal
neutral,24_9.jpg,half_left
neutral,25_0.jpg,half_right
neutral,25_17.jpg,half_left
neutral,25_34.jpg,frontal
neutral,26_16.jpg,half_left
neutral,26_26.jpg,half_right
neutral,26_6.jpg,frontal
neutral,27_0.jpg,frontal
neutral,27_17.jpg,half_left
neutral,27_22.jpg,half_right
neutral,28_0.jpg,half_left
neutral,28_4.jpg,half_right
neutral,28_5.jpg,frontal
neutral,29_17.jpg,half_left
neutral,29_23.jpg,frontal
neutral,29_30.jpg,half_right
neutral,2_17.jpg,half_left
neutral,2_20.jpg,frontal
neutral,2_28.jpg,half_right
neutral,30_31.jpg,half_left
neutral,30_32.jpg,frontal
neutral,30_7.jpg,half_right
neutral,31_14.jpg,half_left
neutral,31_20.jpg,half_right
neutral,31_21.jpg,frontal
neutral,32_11.jpg,half_right
neutral,32_17.jpg,half_left
neutral,32_33.jpg,frontal
neutral,33_12.jpg,half_right
neutral,33_17.jpg,frontal
neutral,33_34.jpg,half_left
neutral,34_11.jpg,half_left
neutral,34_18.jpg,half_right
neutral,34_21.jpg,frontal
neutral,35_21.jpg,frontal
neutral,35_5.jpg,half_right
neutral,35_8.jpg,half_left
neutral,36_27.jpg,half_left
neutral,36_29.jpg,frontal
neutral,36_32.jpg,half_right
neutral,37_33.jpg,half_left
neutral,37_7.jpg,frontal
neutral,37_8.jpg,half_right
neutral,38_25.jpg,half_left
neutral,38_30.jpg,frontal
neutral,38_33.jpg,half_right
neutral,39_2.jpg,frontal
neutral,39_4.jpg,half_right
neutral,39_7.jpg,half_left
neutral,3_15.jpg,half_left
neutral,3_21.jpg,frontal
neutral,3_31.jpg,half_right
neutral,40_0.jpg,frontal
neutral,40_20.jpg,half_right
neutral,40_26.jpg,half_left
neutral,41_11.jpg,frontal
neutral,41_13.jpg,half_right
neutral,41_19.jpg,half_left
neutral,42_28.jpg,half_left
neutral,42_30.jpg,half_right
neutral,42_34.jpg,frontal
neutral,43_15.jpg,half_left
neutral,43_33.jpg,frontal
neutral,43_5.jpg,half_right
neutral,44_26.jpg,half_right
neutral,44_4.jpg,frontal
neutral,44_6.jpg,half_left
neutral,45_10.jpg,half_left
neutral,45_25.jpg,frontal
neutral,45_33.jpg,half_right
neutral,46_1.jpg,frontal
neutral,46_12.jpg,half_left
neutral,46_14.jpg,half_right
neutral,47_31.jpg,half_right
neutral,47_32.jpg,half_left
neutral,47_7.jpg,frontal
neutral,48_13.jpg,half_left
neutral,48_22.jpg,half_right
neutral,48_8.jpg,frontal
neutral,49_2.jpg,half_left
neutral,49_20.jpg,half_right
neutral,49_30.jpg,frontal
neutral,4_27.jpg,frontal
neutral,4_5.jpg,half_left
neutral,4_8.jpg,half_right
neutral,50_26.jpg,half_right
neutral,50_31.jpg,half_left
neutral,50_7.jpg,frontal
neutral,51_12.jpg,half_right
neutral,51_5.jpg,half_left
neutral,51_9.jpg,frontal
neutral,52_12.jpg,half_right
neutral,52_2.jpg,half_left
neutral,52_33.jpg,frontal
neutral,53_17.jpg,half_right
neutral,53_19.jpg,frontal
neutral,53_29.jpg,half_left
neutral,54_21.jpg,half_right
neutral,54_23.jpg,frontal
neutral,54_24.jpg,half_left
neutral,55_26.jpg,half_left
neutral,55_5.jpg,half_right
neutral,55_9.jpg,frontal
neutral,56_0.jpg,frontal
neutral,56_22.jpg,half_left
neutral,56_30.jpg,half_right
neutral,57_26.jpg,half_right
neutral,57_6.jpg,half_left
neutral,57_8.jpg,frontal
neutral,58_11.jpg,half_right
neutral,58_15.jpg,frontal
neutral,58_20.jpg,half_left
neutral,59_1.jpg,half_right
neutral,59_15.jpg,half_left
neutral,59_32.jpg,frontal
neutral,5_27.jpg,half_left
neutral,5_28.jpg,frontal
neutral,5_8.jpg,half_right
neutral,60_18.jpg,frontal
neutral,60_6.jpg,half_right
neutral,60_9.jpg,half_left
neutral,61_11.jpg,half_right
neutral,61_18.jpg,half_left
neutral,61_32.jpg,frontal
neutral,62_25.jpg,half_right
neutral,62_31.jpg,half_left
neutral,62_4.jpg,frontal
neutral,63_2.jpg,half_right
neutral,63_22.jpg,frontal
neutral,63_30.jpg,half_left
neutral,64_19.jpg,half_left
neutral,64_2.jpg,half_right
neutral,64_28.jpg,frontal
neutral,65_16.jpg,frontal
neutral,65_17.jpg,half_right
neutral,65_21.jpg,half_left
neutral,66_13.jpg,frontal
neutral,66_16.jpg,half_right
neutral,66_27.jpg,half_left
neutral,67_15.jpg,half_right
neutral,67_2.jpg,half_left
neutral,67_34.jpg,frontal
neutral,68_18.jpg,half_right
neutral,68_27.jpg,frontal
neutral,68_9.jpg,half_left
neutral,69_15.jpg,frontal
neutral,69_2.jpg,half_right
neutral,69_8.jpg,half_left
neutral,6_0.jpg,half_left
neutral,6_18.jpg,frontal
neutral,6_20.jpg,half_right
neutral,70_13.jpg,frontal
neutral,70_17.jpg,half_left
neutral,70_7.jpg,half_right
neutral,71_13.jpg,half_left
neutral,71_16.jpg,half_right
neutral,71_33.jpg,frontal
neutral,72_17.jpg,frontal
neutral,72_4.jpg,half_left
neutral,72_9.jpg,half_right
neutral,73_24.jpg,half_right
neutral,73_5.jpg,half_left
neutral,73_6.jpg,frontal
neutral,74_15.jpg,frontal
neutral,74_21.jpg,half_left
neutral,74_28.jpg,half_right
neutral,75_18.jpg,frontal
neutral,75_22.jpg,half_right
neutral,75_24.jpg,half_left
neutral,76_12.jpg,half_right
neutral,76_20.jpg,half_left
neutral,76_25.jpg,frontal
neutral,77_26.jpg,frontal
neutral,77_4.jpg,half_left
neutral,77_5.jpg,half_right
neutral,78_15.jpg,half_left
neutral,78_22.jpg,frontal
neutral,78_6.jpg,half_right
neutral,79_11.jpg,frontal
neutral,79_17.jpg,half_left
neutral,79_22.jpg,half_right
neutral,7_15.jpg,half_right
neutral,7_24.jpg,frontal
neutral,7_6.jpg,half_left
neutral,80_15.jpg,half_right
neutral,80_22.jpg,frontal
neutral,80_7.jpg,half_left
neutral,81_10.jpg,half_right
neutral,81_27.jpg,frontal
neutral,81_30.jpg,half_left
neutral,82_19.jpg,half_right
neutral,82_30.jpg,half_left
neutral,82_4.jpg,frontal
neutral,83_13.jpg,half_right
neutral,83_4.jpg,frontal
neutral,83_9.jpg,half_left
neutral,84_1.jpg,half_left
neutral,84_17.jpg,half_right
neutral,84_2.jpg,frontal
neutral,85_14.jpg,half_right
neutral,85_2.jpg,frontal
neutral,85_24.jpg,half_left
neutral,86_10.jpg,frontal
neutral,86_21.jpg,half_left
neutral,86_6.jpg,half_right
neutral,87_10.jpg,frontal
neutral,87_12.jpg,half_right
neutral,87_26.jpg,half_left
neutral,88_1.jpg,frontal
neutral,88_22.jpg,half_left
neutral,88_4.jpg,half_right
neutral,89_10.jpg,half_right
neutral,89_16.jpg,half_left
neutral,89_19.jpg,frontal
neutral,8_0.jpg,frontal
neutral,8_24.jpg,half_left
neutral,8_33.jpg,half_right
neutral,90_1.jpg,frontal
neutral,90_14.jpg,half_right
neutral,90_7.jpg,half_left
neutral,91_18.jpg,half_right
neutral,91_25.jpg,frontal
neutral,91_31.jpg,half_left
neutral,92_10.jpg,frontal
neutral,92_22.jpg,half_left
neutral,92_7.jpg,half_right
neutral,93_11.jpg,half_left
neutral,93_25.jpg,frontal
neutral,93_8.jpg,half_right
neutral,94_19.jpg,half_left
neutral,94_32.jpg,half_right
neutral,94_4.jpg,frontal
neutral,95_24.jpg,frontal
neutral,95_30.jpg,half_right
neutral,95_31.jpg,half_left
neutral,96_26.jpg,half_left
neutral,96_31.jpg,half_right
neutral,96_34.jpg,frontal
neutral,97_1.jpg,half_left
neutral,97_15.jpg,frontal
neutral,97_23.jpg,half_right
neutral,98_12.jpg,half_right
neutral,98_20.jpg,frontal
neutral,98_34.jpg,half_left
neutral,99_17.jpg,half_right
neutral,99_34.jpg,half_left
neutral,99_6.jpg,frontal
neutral,9_10.jpg,half_right
neutral,9_7.jpg,frontal
neutral,9_8.jpg,half_left
sad,0_22.jpg,frontal
sad,0_8.jpg,half_left
sad,0_9.jpg,half_right
sad,100_0.jpg,half_right
sad,100_13.jpg,half_left
sad,100_17.jpg,frontal
sad,101_13.jpg,half_right
sad,101_6.jpg,half_left
sad,101_7.jpg,frontal
sad,102_1.jpg,half_left
sad,102_22.jpg,frontal
sad,102_27.jpg,half_right
sad,103_12.jpg,half_left
sad,103_27.jpg,frontal
sad,103_28.jpg,half_right
sad,104_28.jpg,frontal
sad,104_6.jpg,half_right
sad,104_8.jpg,half_left
sad,105_12.jpg,frontal
sad,105_19.jpg,half_left
sad,105_9.jpg,half_right
sad,106_3.jpg,half_right
sad,106_32.jpg,frontal
sad,106_5.jpg,half_left
sad,107_0.jpg,half_right
sad,107_23.jpg,half_left
sad,107_4.jpg,frontal
sad,108_12.jpg,half_right
sad,108_16.jpg,half_left
sad,108_22.jpg,frontal
sad,109_0.jpg,half_left
sad,109_25.jpg,frontal
sad,109_9.jpg,half_right
sad,10_30.jpg,half_left
sad,10_31.jpg,half_right
sad,10_7.jpg,frontal
sad,110_18.jpg,half_right
sad,110_33.jpg,half_left
sad,110_34.jpg,frontal
sad,111_22.jpg,half_right
sad,111_23.jpg,frontal
sad,111_8.jpg,half_left
sad,112_25.jpg,half_left
sad,112_29.jpg,frontal
sad,112_4.jpg,half_right
sad,113_25.jpg,half_left
sad,113_33.jpg,half_right
sad,113_4.jpg,frontal
sad,114_10.jpg,frontal
sad,114_21.jpg,half_right
sad,114_5.jpg,half_left
sad,115_10.jpg,half_right
sad,115_11.jpg,half_left
sad,115_27.jpg,frontal
sad,116_10.jpg,half_right
sad,116_28.jpg,half_left
sad,116_5.jpg,frontal
sad,117_1.jpg,half_left
sad,117_20.jpg,frontal
sad,117_31.jpg,half_right
sad,118_1.jpg,half_left
sad,118_10.jpg,half_right
sad,118_9.jpg,frontal
sad,119_18.jpg,half_right
sad,119_32.jpg,half_left
sad,119_7.jpg,frontal
sad,11_16.jpg,half_left
sad,11_18.jpg,frontal
sad,11_32.jpg,half_right
sad,120_10.jpg,half_right
sad,120_2.jpg,half_left
sad,120_5.jpg,frontal
sad,121_1.jpg,frontal
sad,121_11.jpg,half_right
sad,121_14.jpg,half_left
sad,122_17.jpg,frontal
sad,122_20.jpg,half_right
sad,122_5.jpg,half_left
sad,123_23.jpg,frontal
sad,123_25.jpg,half_left
sad,123_32.jpg,half_right
sad,124_13.jpg,half_left
sad,124_17.jpg,half_right
sad,124_2.jpg,frontal
sad,125_14.jpg,frontal
sad,125_24.jpg,half_right
sad,125_28.jpg,half_left
sad,126_13.jpg,frontal
sad,126_15.jpg,half_right
sad,126_28.jpg,half_left
sad,127_1.jpg,frontal
sad,127_28.jpg,half_left
sad,127_34.jpg,half_right
sad,128_13.jpg,half_right
sad,128_14.jpg,frontal
sad,128_34.jpg,half_left
sad,129_17.jpg,frontal
sad,129_3.jpg,half_left
sad,129_31.jpg,half_right
sad,12_15.jpg,half_right
sad,12_30.jpg,frontal
sad,12_8.jpg,half_left
sad,130_15.jpg,frontal
sad,130_16.jpg,half_left
sad,130_2.jpg,half_right
sad,131_0.jpg,half_left
sad,131_16.jpg,frontal
sad,131_2.jpg,half_right
sad,132_23.jpg,half_right
sad,132_3.jpg,frontal
sad,132_33.jpg,half_left
sad,133_0.jpg,half_left
sad,133_21.jpg,half_right
sad,133_27.jpg,frontal
sad,134_0.jpg,half_right
sad,134_32.jpg,frontal
sad,134_9.jpg,half_left
sad,135_1.jpg,half_left
sad,135_2.jpg,half_right
sad,135_9.jpg,frontal
sad,136_0.jpg,frontal
sad,136_28.jpg,half_left
sad,136_32.jpg,half_right
sad,137_14.jpg,half_right
sad,137_3.jpg,frontal
sad,137_9.jpg,half_left
sad,138_20.jpg,half_right
sad,138_3.jpg,half_left
sad,138_9.jpg,frontal
sad,139_20.jpg,frontal
sad,139_24.jpg,half_right
sad,139_3.jpg,half_left
sad,13_17.jpg,frontal
sad,13_22.jpg,half_right
sad,13_4.jpg,half_left
sad,14_23.jpg,frontal
sad,14_33.jpg,half_right
sad,14_4.jpg,half_left
sad,15_19.jpg,half_right
sad,15_27.jpg,half_left
sad,15_30.jpg,frontal
sad,16_34.jpg,half_left
sad,16_6.jpg,half_right
sad,16_7.jpg,frontal
sad,17_0.jpg,half_right
sad,17_10.jpg,frontal
sad,17_17.jpg,half_left
sad,18_14.jpg,frontal
sad,18_24.jpg,half_left
sad,18_4.jpg,half_right
sad,19_10.jpg,half_left
sad,19_25.jpg,half_right
sad,19_30.jpg,frontal
sad,1_23.jpg,half_left
sad,1_5.jpg,frontal
sad,1_9.jpg,half_right
sad,20_23.jpg,frontal
sad,20_25.jpg,half_right
sad,20_3.jpg,half_left
sad,21_1.jpg,frontal
sad,21_15.jpg,half_right
sad,21_20.jpg,half_left
sad,22_0.jpg,frontal
sad,22_13.jpg,half_left
sad,22_17.jpg,half_right
sad,23_1.jpg,half_left
sad,23_28.jpg,half_right
sad,23_9.jpg,frontal
sad,24_16.jpg,frontal
sad,24_25.jpg,half_right
sad,24_26.jpg,half_left
sad,25_14.jpg,half_left
sad,25_25.jpg,frontal
sad,25_29.jpg,half_right
sad,26_15.jpg,half_left
sad,26_27.jpg,half_right
sad,26_7.jpg,frontal
sad,27_26.jpg,frontal
sad,27_29.jpg,half_right
sad,27_34.jpg,half_left
sad,28_12.jpg,half_right
sad,28_16.jpg,half_left
sad,28_17.jpg,frontal
sad,29_13.jpg,half_left
sad,29_14.jpg,half_right
sad,29_19.jpg,frontal
sad,2_2.jpg,half_right
sad,2_3.jpg,half_left
sad,2_9.jpg,frontal
sad,30_28.jpg,half_left
sad,30_34.jpg,half_right
sad,30_4.jpg,frontal
sad,31_27.jpg,half_right
sad,31_29.jpg,half_left
sad,31_8.jpg,frontal
sad,32_20.jpg,half_right
sad,32_3.jpg,frontal
sad,32_7.jpg,half_left
sad,33_18.jpg,half_right
sad,33_20.jpg,frontal
sad,33_27.jpg,half_left
sad,34_25.jpg,frontal
sad,34_3.jpg,half_right
sad,34_34.jpg,half_left
sad,35_0.jpg,half_right
sad,35_11.jpg,frontal
sad,35_7.jpg,half_left
sad,36_14.jpg,half_right
sad,36_19.jpg,half_left
sad,36_7.jpg,frontal
sad,37_25.jpg,frontal
sad,37_34.jpg,half_left
sad,37_5.jpg,half_right
sad,38_1.jpg,half_left
sad,38_26.jpg,frontal
sad,38_5.jpg,half_right
sad,39_13.jpg,half_right
sad,39_15.jpg,frontal
sad,39_8.jpg,half_left
sad,3_19.jpg,half_right
sad,3_2.jpg,half_left
sad,3_20.jpg,frontal
sad,40_28.jpg,half_left
sad,40_31.jpg,half_right
sad,40_33.jpg,frontal
sad,41_0.jpg,half_left
sad,41_3.jpg,frontal
sad,41_7.jpg,half_right
sad,42_15.jpg,frontal
sad,42_21.jpg,half_right
sad,42_26.jpg,half_left
sad,43_11.jpg,half_right
sad,43_19.jpg,half_left
sad,43_29.jpg,frontal
sad,44_12.jpg,half_right
sad,44_22.jpg,half_left
sad,44_34.jpg,frontal
sad,45_21.jpg,frontal
sad,45_28.jpg,half_right
sad,45_7.jpg,half_left
sad,46_15.jpg,frontal
sad,46_25.jpg,half_right
sad,46_5.jpg,half_left
sad,47_25.jpg,half_right
sad,47_27.jpg,half_left
sad,47_9.jpg,frontal
sad,48_20.jpg,half_left
sad,48_25.jpg,half_right
sad,48_33.jpg,frontal
sad,49_13.jpg,half_right
sad,49_26.jpg,half_left
sad,49_6.jpg,frontal
sad,4_18.jpg,half_right
sad,4_20.jpg,half_left
sad,4_22.jpg,frontal
sad,50_18.jpg,half_right
sad,50_3.jpg,frontal
sad,50_34.jpg,half_left
sad,51_1.jpg,frontal
sad,51_16.jpg,half_right
sad,51_21.jpg,half_left
sad,52_10.jpg,half_right
sad,52_23.jpg,frontal
sad,52_27.jpg,half_left
sad,53_0.jpg,half_left
sad,53_24.jpg,frontal
sad,53_27.jpg,half_right
sad,54_19.jpg,half_right
sad,54_3.jpg,frontal
sad,54_8.jpg,half_left
sad,55_0.jpg,half_left
sad,55_14.jpg,frontal
sad,55_22.jpg,half_right
sad,56_28.jpg,half_left
sad,56_3.jpg,frontal
sad,56_34.jpg,half_right
sad,57_3.jpg,half_left
sad,57_4.jpg,half_right
sad,57_5.jpg,frontal
sad,58_26.jpg,frontal
sad,58_30.jpg,half_left
sad,58_7.jpg,half_right
sad,59_14.jpg,frontal
sad,59_16.jpg,half_left
sad,59_22.jpg,half_right
sad,5_1.jpg,half_right
sad,5_15.jpg,frontal
sad,5_9.jpg,half_left
sad,60_12.jpg,half_right
sad,60_14.jpg,frontal
sad,60_21.jpg,half_left
sad,61_0.jpg,half_left
sad,61_5.jpg,frontal
sad,61_6.jpg,half_right
sad,62_1.jpg,half_left
sad,62_2.jpg,half_right
sad,62_9.jpg,frontal
sad,63_3.jpg,half_left
sad,63_6.jpg,frontal
sad,63_8.jpg,half_right
sad,64_14.jpg,half_left
sad,64_3.jpg,half_right
sad,64_8.jpg,frontal
sad,65_10.jpg,half_left
sad,65_29.jpg,frontal
sad,65_7.jpg,half_right
sad,66_18.jpg,half_left
sad,66_3.jpg,frontal
sad,66_4.jpg,half_right
sad,67_17.jpg,frontal
sad,67_31.jpg,half_left
sad,67_4.jpg,half_right
sad,68_23.jpg,half_left
sad,68_29.jpg,frontal
sad,68_6.jpg,half_right
sad,69_10.jpg,frontal
sad,69_17.jpg,half_left
sad,69_31.jpg,half_right
sad,6_1.jpg,half_left
sad,6_32.jpg,frontal
sad,6_8.jpg,half_right
sad,70_0.jpg,frontal
sad,70_20.jpg,half_right
sad,70_34.jpg,half_left
sad,71_1.jpg,half_left
sad,71_2.jpg,half_right
sad,71_23.jpg,frontal
sad,72_20.jpg,half_right
sad,72_30.jpg,frontal
sad,72_6.jpg,half_left
sad,73_14.jpg,half_left
sad,73_18.jpg,frontal
sad,73_22.jpg,half_right
sad,74_3.jpg,half_right
sad,74_34.jpg,half_left
sad,74_9.jpg,frontal
sad,75_0.jpg,frontal
sad,75_1.jpg,half_right
sad,76_10.jpg,half_left
sad,76_17.jpg,frontal
sad,76_34.jpg,half_right
sad,77_20.jpg,frontal
sad,77_21.jpg,half_right
sad,77_33.jpg,half_left
sad,78_14.jpg,half_right
sad,78_21.jpg,frontal
sad,78_8.jpg,half_left
sad,79_15.jpg,half_right
sad,79_28.jpg,half_left
sad,79_29.jpg,frontal
sad,7_13.jpg,frontal
sad,7_17.jpg,half_left
sad,7_18.jpg,half_right
sad,80_25.jpg,frontal
sad,80_29.jpg,half_right
sad,80_32.jpg,half_left
sad,81_0.jpg,half_right
sad,81_15.jpg,frontal
sad,81_31.jpg,half_left
sad,82_18.jpg,half_right
sad,82_23.jpg,frontal
sad,82_24.jpg,half_left
sad,83_25.jpg,half_left
sad,83_29.jpg,half_right
sad,83_8.jpg,frontal
sad,84_31.jpg,half_left
sad,84_34.jpg,half_right
sad,84_8.jpg,frontal
sad,85_18.jpg,half_left
sad,85_27.jpg,frontal
sad,85_34.jpg,half_right
sad,86_11.jpg,frontal
sad,86_18.jpg,half_right
sad,86_23.jpg,half_left
sad,87_0.jpg,half_left
sad,87_28.jpg,frontal
sad,87_8.jpg,half_right
sad,88_19.jpg,half_right
sad,88_33.jpg,half_left
sad,88_7.jpg,frontal
sad,89_21.jpg,half_right
sad,89_22.jpg,half_left
sad,89_34.jpg,frontal
sad,8_15.jpg,frontal
sad,8_23.jpg,half_left
sad,8_5.jpg,half_right
sad,90_13.jpg,half_right
sad,90_16.jpg,half_left
sad,90_19.jpg,frontal
sad,91_10.jpg,half_right
sad,91_12.jpg,half_left
sad,91_7.jpg,frontal
sad,92_26.jpg,frontal
sad,92_30.jpg,half_right
sad,92_4.jpg,half_left
sad,93_16.jpg,frontal
sad,93_17.jpg,half_left
sad,93_27.jpg,half_right
sad,94_18.jpg,half_right
sad,94_26.jpg,half_left
sad,94_5.jpg,frontal
sad,95_17.jpg,half_right
sad,95_4.jpg,half_left
sad,95_7.jpg,frontal
sad,96_15.jpg,half_left
sad,96_16.jpg,half_right
sad,96_18.jpg,frontal
sad,97_2.jpg,frontal
sad,97_30.jpg,half_right
sad,97_31.jpg,half_left
sad,98_10.jpg,half_right
sad,98_28.jpg,half_left
sad,98_8.jpg,frontal
sad,99_1.jpg,half_left
sad,99_29.jpg,half_right
sad,99_7.jpg,frontal
sad,9_13.jpg,frontal
sad,9_18.jpg,half_right
sad,9_24.jpg,half_left
surprise,0_11.jpg,half_left
surprise,0_17.jpg,frontal
surprise,0_27.jpg,half_right
surprise,100_19.jpg,frontal
surprise,100_26.jpg,half_right
surprise,100_8.jpg,half_left
surprise,101_11.jpg,frontal
surprise,101_14.jpg,half_left
surprise,101_25.jpg,half_right
surprise,102_30.jpg,half_right
surprise,102_31.jpg,half_left
surprise,102_4.jpg,frontal
surprise,103_0.jpg,frontal
surprise,103_17.jpg,half_right
surprise,103_24.jpg,half_left
surprise,104_20.jpg,half_left
surprise,104_3.jpg,frontal
surprise,104_33.jpg,half_right
surprise,105_0.jpg,half_right
surprise,105_1.jpg,frontal
surprise,105_5.jpg,half_left
surprise,106_10.jpg,frontal
surprise,106_13.jpg,half_right
surprise,106_23.jpg,half_left
surprise,107_15.jpg,frontal
surprise,107_16.jpg,half_right
surprise,107_31.jpg,half_left
surprise,108_1.jpg,half_left
surprise,108_18.jpg,frontal
surprise,108_20.jpg,half_right
surprise,109_22.jpg,frontal
surprise,109_3.jpg,half_right
surprise,109_33.jpg,half_left
surprise,10_19.jpg,frontal
surprise,10_27.jpg,half_right
surprise,10_9.jpg,half_left
surprise,110_17.jpg,half_right
surprise,110_19.jpg,half_left
surprise,110_7.jpg,frontal
surprise,111_19.jpg,half_right
surprise,111_32.jpg,frontal
surprise,111_33.jpg,half_left
surprise,112_19.jpg,frontal
surprise,112_28.jpg,half_left
surprise,112_8.jpg,half_right
surprise,113_13.jpg,frontal
surprise,113_28.jpg,half_right
surprise,113_7.jpg,half_left
surprise,114_1.jpg,half_left
surprise,114_27.jpg,half_right
surprise,114_30.jpg,frontal
surprise,115_23.jpg,half_right
surprise,115_30.jpg,frontal
surprise,115_33.jpg,half_left
surprise,116_0.jpg,half_right
surprise,116_1.jpg,half_left
surprise,116_27.jpg,frontal
surprise,117_10.jpg,half_left
surprise,117_15.jpg,half_right
surprise,117_8.jpg,frontal
surprise,118_18.jpg,half_left
surprise,118_6.jpg,frontal
surprise,119_1.jpg,half_left
surprise,119_12.jpg,half_right
surprise,119_22.jpg,frontal
surprise,11_17.jpg,frontal
surprise,11_26.jpg,half_left
surprise,11_27.jpg,half_right
surprise,120_13.jpg,half_right
surprise,120_14.jpg,half_left
surprise,120_17.jpg,frontal
surprise,121_27.jpg,half_left
surprise,121_28.jpg,frontal
surprise,121_3.jpg,half_right
surprise,122_33.jpg,half_left
surprise,122_6.jpg,half_right
surprise,122_7.jpg,frontal
surprise,123_20.jpg,half_right
surprise,123_30.jpg,frontal
surprise,123_7.jpg,half_left
surprise,124_16.jpg,half_right
surprise,124_22.jpg,frontal
surprise,124_23.jpg,half_left
surprise,125_16.jpg,half_left
surprise,125_19.jpg,half_right
surprise,125_30.jpg,frontal
surprise,126_22.jpg,frontal
surprise,126_29.jpg,half_right
surprise,126_30.jpg,half_left
surprise,127_10.jpg,frontal
surprise,127_33.jpg,half_left
surprise,127_4.jpg,half_right
surprise,128_23.jpg,half_left
surprise,128_27.jpg,half_right
surprise,128_28.jpg,frontal
surprise,129_10.jpg,frontal
surprise,129_12.jpg,half_right
surprise,129_23.jpg,half_left
surprise,12_21.jpg,frontal
surprise,12_25.jpg,half_right
surprise,12_31.jpg,half_left
surprise,130_12.jpg,half_left
surprise,130_13.jpg,frontal
surprise,130_21.jpg,half_right
surprise,131_13.jpg,half_left
surprise,131_18.jpg,frontal
surprise,131_24.jpg,half_right
surprise,132_17.jpg,half_left
surprise,132_27.jpg,half_right
surprise,132_30.jpg,frontal
surprise,133_10.jpg,half_right
surprise,133_24.jpg,half_left
surprise,133_30.jpg,frontal
surprise,134_18.jpg,frontal
surprise,134_26.jpg,half_left
surprise,134_31.jpg,half_right
surprise,135_25.jpg,half_left
surprise,135_26.jpg,half_right
surprise,135_7.jpg,frontal
surprise,136_23.jpg,half_left
surprise,136_24.jpg,half_right
surprise,136_7.jpg,frontal
surprise,137_0.jpg,half_left
surprise,137_16.jpg,frontal
surprise,137_18.jpg,half_right
surprise,138_22.jpg,half_left
surprise,138_33.jpg,frontal
surprise,138_8.jpg,half_right
surprise,139_29.jpg,frontal
surprise,139_4.jpg,half_left
surprise,139_5.jpg,half_right
surprise,13_12.jpg,frontal
surprise,13_15.jpg,half_right
surprise,13_19.jpg,half_left
surprise,14_11.jpg,half_right
surprise,14_25.jpg,half_left
surprise,14_7.jpg,frontal
surprise,15_23.jpg,half_left
surprise,15_24.jpg,half_right
surprise,15_26.jpg,frontal
surprise,16_19.jpg,frontal
surprise,16_26.jpg,half_left
surprise,16_8.jpg,half_right
surprise,17_12.jpg,frontal
surprise,17_13.jpg,half_left
surprise,17_31.jpg,half_right
surprise,18_29.jpg,half_right
surprise,18_6.jpg,half_left
surprise,18_8.jpg,frontal
surprise,19_0.jpg,frontal
surprise,19_20.jpg,half_right
surprise,19_23.jpg,half_left
surprise,1_11.jpg,half_left
surprise,1_14.jpg,frontal
surprise,1_28.jpg,half_right
surprise,20_14.jpg,half_right
surprise,20_26.jpg,frontal
surprise,20_27.jpg,half_left
surprise,21_10.jpg,frontal
surprise,21_12.jpg,half_left
surprise,21_30.jpg,half_right
surprise,22_14.jpg,half_right
surprise,22_20.jpg,frontal
surprise,22_25.jpg,half_left
surprise,23_10.jpg,half_left
surprise,23_18.jpg,frontal
surprise,23_20.jpg,half_right
surprise,24_17.jpg,frontal
surprise,24_32.jpg,half_right
surprise,24_33.jpg,half_left
surprise,25_2.jpg,half_left
surprise,25_20.jpg,frontal
surprise,25_4.jpg,half_right
surprise,26_22.jpg,frontal
surprise,26_24.jpg,half_left
surprise,26_29.jpg,half_right
surprise,27_20.jpg,frontal
surprise,27_31.jpg,half_left
surprise,27_5.jpg,half_right
surprise,28_14.jpg,half_right
surprise,28_15.jpg,half_left
surprise,28_21.jpg,frontal
surprise,29_1.jpg,frontal
surprise,29_10.jpg,half_right
surprise,29_3.jpg,half_left
surprise,2_19.jpg,half_left
surprise,2_25.jpg,frontal
surprise,2_5.jpg,half_right
surprise,30_13.jpg,frontal
surprise,30_14.jpg,half_right
surprise,30_18.jpg,half_left
surprise,31_26.jpg,half_right
surprise,31_30.jpg,half_left
surprise,31_6.jpg,frontal
surprise,32_10.jpg,frontal
surprise,32_18.jpg,half_left
surprise,32_4.jpg,half_right
surprise,33_16.jpg,frontal
surprise,33_24.jpg,half_left
surprise,33_31.jpg,half_right
surprise,34_2.jpg,frontal
surprise,34_26.jpg,half_left
surprise,34_32.jpg,half_right
surprise,35_24.jpg,frontal
surprise,35_32.jpg,half_left
surprise,35_9.jpg,half_right
surprise,36_10.jpg,half_left
surprise,36_17.jpg,half_right
surprise,36_34.jpg,frontal
surprise,37_16.jpg,half_right
surprise,37_21.jpg,half_left
surprise,37_26.jpg,frontal
surprise,38_22.jpg,half_left
surprise,38_29.jpg,frontal
surprise,38_34.jpg,half_right
surprise,39_12.jpg,half_right
surprise,39_26.jpg,frontal
surprise,39_9.jpg,half_left
surprise,3_12.jpg,half_right
surprise,3_23.jpg,frontal
surprise,3_27.jpg,half_left
surprise,40_10.jpg,half_left
surprise,40_14.jpg,frontal
surprise,40_5.jpg,half_right
surprise,41_10.jpg,frontal
surprise,41_2.jpg,half_right
surprise,41_6.jpg,half_left
surprise,42_13.jpg,half_right
surprise,42_27.jpg,frontal
surprise,42_9.jpg,half_left
surprise,43_27.jpg,half_right
surprise,43_3.jpg,half_left
surprise,43_30.jpg,frontal
surprise,44_2.jpg,frontal
surprise,44_20.jpg,half_left
surprise,44_7.jpg,half_right
surprise,45_2.jpg,half_left
surprise,45_31.jpg,frontal
surprise,45_5.jpg,half_right
surprise,46_11.jpg,frontal
surprise,46_17.jpg,half_left
surprise,46_31.jpg,half_right
surprise,47_17.jpg,frontal
surprise,47_24.jpg,half_right
surprise,47_6.jpg,half_left
surprise,48_14.jpg,half_left
surprise,48_21.jpg,half_right
surprise,48_7.jpg,frontal
surprise,49_18.jpg,frontal
surprise,49_19.jpg,half_left
surprise,49_23.jpg,half_right
surprise,4_19.jpg,half_left
surprise,4_29.jpg,half_right
surprise,4_31.jpg,frontal
surprise,50_11.jpg,frontal
surprise,50_25.jpg,half_left
surprise,50_29.jpg,half_right
surprise,51_20.jpg,frontal
surprise,51_22.jpg,half_left
surprise,51_8.jpg,half_right
surprise,52_13.jpg,frontal
surprise,52_15.jpg,half_right
surprise,52_31.jpg,half_left
surprise,53_14.jpg,half_left
surprise,53_28.jpg,half_right
surprise,53_32.jpg,frontal
surprise,54_12.jpg,half_left
surprise,54_16.jpg,half_right
surprise,54_5.jpg,frontal
surprise,55_20.jpg,half_left
surprise,55_34.jpg,half_right
surprise,55_8.jpg,frontal
surprise,56_13.jpg,frontal
surprise,56_15.jpg,half_right
surprise,56_25.jpg,half_left
surprise,57_10.jpg,half_left
surprise,57_19.jpg,frontal
surprise,57_29.jpg,half_right
surprise,58_0.jpg,half_left
surprise,58_17.jpg,frontal
surprise,58_23.jpg,half_right
surprise,59_25.jpg,half_left
surprise,59_28.jpg,half_right
surprise,59_31.jpg,frontal
surprise,5_23.jpg,frontal
surprise,5_25.jpg,half_right
surprise,5_4.jpg,half_left
surprise,60_20.jpg,half_right
surprise,60_22.jpg,half_left
surprise,60_4.jpg,frontal
surprise,61_22.jpg,half_left
surprise,61_3.jpg,frontal
surprise,61_33.jpg,half_right
surprise,62_12.jpg,frontal
surprise,62_3.jpg,half_left
surprise,62_7.jpg,half_right
surprise,63_11.jpg,half_right
surprise,63_17.jpg,half_left
surprise,63_23.jpg,frontal
surprise,64_12.jpg,half_right
surprise,64_17.jpg,frontal
surprise,64_25.jpg,half_left
surprise,65_19.jpg,half_left
surprise,65_28.jpg,frontal
surprise,65_33.jpg,half_right
surprise,66_14.jpg,half_left
surprise,66_2.jpg,frontal
surprise,66_30.jpg,half_right
surprise,67_11.jpg,frontal
surprise,67_19.jpg,half_left
surprise,67_29.jpg,half_right
surprise,68_12.jpg,half_left
surprise,68_19.jpg,half_right
surprise,68_24.jpg,frontal
surprise,69_13.jpg,half_right
surprise,69_19.jpg,frontal
surprise,69_22.jpg,half_left
surprise,6_16.jpg,frontal
surprise,6_31.jpg,half_left
surprise,6_34.jpg,half_right
surprise,70_1.jpg,frontal
surprise,70_3.jpg,half_right
surprise,70_8.jpg,half_left
surprise,71_24.jpg,half_left
surprise,71_29.jpg,frontal
surprise,71_3.jpg,half_right
surprise,72_11.jpg,frontal
surprise,72_33.jpg,half_right
surprise,72_34.jpg,half_left
surprise,73_3.jpg,frontal
surprise,73_30.jpg,half_left
surprise,73_7.jpg,half_right
surprise,74_19.jpg,half_right
surprise,74_32.jpg,frontal
surprise,74_5.jpg,half_left
surprise,75_14.jpg,frontal
surprise,75_15.jpg,half_right
surprise,75_2.jpg,half_left
surprise,76_15.jpg,half_right
surprise,76_28.jpg,half_left
surprise,76_30.jpg,frontal
surprise,77_17.jpg,half_left
surprise,77_30.jpg,half_right
surprise,77_9.jpg,frontal
surprise,78_20.jpg,half_right
surprise,78_3.jpg,half_left
surprise,78_4.jpg,frontal
surprise,79_0.jpg,frontal
surprise,79_18.jpg,half_left
surprise,79_7.jpg,half_right
surprise,7_28.jpg,half_right
surprise,7_32.jpg,half_left
surprise,7_33.jpg,frontal
surprise,80_14.jpg,half_left
surprise,80_16.jpg,half_right
surprise,80_26.jpg,frontal
surprise,81_18.jpg,half_left
surprise,81_34.jpg,half_right
surprise,81_4.jpg,frontal
surprise,82_12.jpg,half_right
surprise,82_15.jpg,frontal
surprise,82_3.jpg,half_left
surprise,83_0.jpg,half_right
surprise,83_12.jpg,half_left
surprise,83_34.jpg,frontal
surprise,84_21.jpg,frontal
surprise,84_33.jpg,half_right
surprise,84_9.jpg,half_left
surprise,85_0.jpg,frontal
surprise,85_31.jpg,half_left
surprise,85_9.jpg,half_right
surprise,86_14.jpg,half_left
surprise,86_24.jpg,frontal
surprise,86_8.jpg,half_right
surprise,87_1.jpg,half_right
surprise,87_23.jpg,frontal
surprise,87_3.jpg,half_left
surprise,88_23.jpg,frontal
surprise,88_31.jpg,half_right
surprise,88_8.jpg,half_left
surprise,89_12.jpg,half_right
surprise,89_26.jpg,half_left
surprise,89_30.jpg,frontal
surprise,8_19.jpg,half_left
surprise,8_30.jpg,frontal
surprise,8_32.jpg,half_right
surprise,90_10.jpg,half_right
surprise,90_34.jpg,frontal
surprise,90_5.jpg,half_left
surprise,91_1.jpg,half_left
surprise,91_11.jpg,frontal
surprise,91_34.jpg,half_right
surprise,92_15.jpg,half_left
surprise,92_23.jpg,frontal
surprise,92_32.jpg,half_right
surprise,93_1.jpg,half_left
surprise,93_31.jpg,half_right
surprise,93_9.jpg,frontal
surprise,94_12.jpg,half_right
surprise,94_2.jpg,frontal
surprise,94_24.jpg,half_left
surprise,95_25.jpg,half_right
surprise,95_29.jpg,half_left
surprise,95_3.jpg,frontal
surprise,96_13.jpg,half_right
surprise,96_23.jpg,frontal
surprise,96_33.jpg,half_left
surprise,97_21.jpg,half_right
surprise,97_26.jpg,frontal
surprise,97_34.jpg,half_left
surprise,98_14.jpg,half_right
surprise,98_24.jpg,frontal
surprise,98_29.jpg,half_left
surprise,99_12.jpg,frontal
surprise,99_27.jpg,half_right
surprise,99_9.jpg,half_left
surprise,9_3.jpg,half_right
surprise,9_30.jpg,half_left
surprise,9_32.jpg,frontal
